Event Name,Date & Time,Location,Meeting Type,Process_Event,Setup_Requirements,Account Number
Shakespeare Rehearsal,5-Feb-26,DeBaun Auditorium,Main Meeting,,,
Volleyball,"Feb 5, 2026 6:30 AM - 8:30 AM",Walker Gym,Main Meeting,,,
Men's Tennis,"Feb 5, 2026 7:00 AM - 9:00 AM",Athletics Facilities (North Tennis Court 1),Main Meeting,,,
Swimming,"Feb 5, 2026 7:00 AM - 11:00 AM",Schaefer Swimming Pool,Main Meeting,,,
Indoor Track,"Feb 5, 2026 7:30 AM - 9:00 AM",Schaefer DeBaun Field 3,Main Meeting,,,
N/A,"Feb 5, 2026 8:00 AM - 4:00 PM",UCC Pi Kitchen,Main Meeting,,,
Stevens Electric Boatworks Meeting,"Feb 5, 2026 8:00 AM - 8:00 PM",Babbio 212,Main Meeting,,,
Carthage Pass and Serve (NT),"Feb 5, 2026 8:30 AM - 9:30 AM",Schaefer Canavan Arena (Entire Arena),Main Meeting,,,
IT Meeting (SF): Visit by Federation University - Workday Student Conversation,"Feb 5, 2026 9:00 AM - 12:00 PM",Babbio 202,Main Meeting,,,
Setup: Student Affairs Monthly Meeting,"Feb 5, 2026 9:00 AM - 10:00 AM",UCC Tech Flex Space A (Back),Setup,,,
Setup: Student Affairs Monthly Meeting,"Feb 5, 2026 9:00 AM - 10:00 AM",UCC Pre-function Space,Setup,,,
Office of Financial Aid,"Feb 5, 2026 9:00 AM - 5:00 PM",Howe 1017 (Conference Room),Main Meeting,,,
Setup: Student Affairs Monthly Meeting,"Feb 5, 2026 9:00 AM - 10:00 AM",UCC Tech Flex Space B (Middle),Setup,,,
Setup: Student Affairs Monthly Meeting,"Feb 5, 2026 9:00 AM - 10:00 AM",UCC Tech Flex Space C (Front),Setup,,,
Cultural Fundamentals Panel,"Feb 5, 2026 9:30 AM - 12:30 PM",Babbio 220,Main Meeting,,,
Student Affairs Monthly Meeting,"Feb 5, 2026 10:00 AM - 12:00 PM",UCC Pre-function Space,Main Meeting,,,
FSL Office Hours,"Feb 5, 2026 10:00 AM - 3:00 PM",UCC 208 (Conference Room),Main Meeting,,,
Student Affairs Monthly Meeting,"Feb 5, 2026 10:00 AM - 12:00 PM",UCC Tech Flex Space B (Middle),Main Meeting,,,
Student Affairs Monthly Meeting,"Feb 5, 2026 10:00 AM - 12:00 PM",UCC Tech Flex Space C (Front),Main Meeting,,,
Student Affairs Monthly Meeting,"Feb 5, 2026 10:00 AM - 12:00 PM",UCC Tech Flex Space A (Back),Main Meeting,,,
Classroom/Event Training,"Feb 5, 2026 11:00 AM - 12:00 PM",Babbio 122,Main Meeting,,,
Teardown: Student Affairs Monthly Meeting,"Feb 5, 2026 12:00 PM - 1:00 PM",UCC Tech Flex Space B (Middle),Teardown,,,
Teardown: Student Affairs Monthly Meeting,"Feb 5, 2026 12:00 PM - 1:00 PM",UCC Pre-function Space,Teardown,,,
Teardown: Student Affairs Monthly Meeting,"Feb 5, 2026 12:00 PM - 1:00 PM",UCC Tech Flex Space C (Front),Teardown,,,
Stevens Health Profesional Club,"Feb 5, 2026 12:00 PM - 3:00 PM",UCC 1st Floor Lobby (Tabling Area) - Table 1,Main Meeting,,,
Indoor Track,"Feb 5, 2026 12:00 PM - 3:00 PM",Athletics Facilities (Jersey City Armory),Main Meeting,,,
Men's & Women's Fencing,"Feb 5, 2026 12:00 PM - 2:00 PM",Walker Gym,Main Meeting,,,
Teardown: Student Affairs Monthly Meeting,"Feb 5, 2026 12:00 PM - 1:00 PM",UCC Tech Flex Space A (Back),Teardown,,,
SA Financial Analyst,"Feb 5, 2026 12:00 PM - 5:00 PM",UCC 206 (Conference Room),Main Meeting,,,
weekly recitation-Christos K.,"Feb 5, 2026 1:00 PM - 2:00 PM",Burchard 514,Main Meeting,,,
Leadership Lab ,"Feb 5, 2026 1:00 PM - 3:00 PM",Babbio 310,Main Meeting,yes,3 6ft tables,CC1000190
Softball,"Feb 5, 2026 1:00 PM - 3:00 PM",Schaefer Athletic Training Center (ATC),Main Meeting,,,
Senior D Group Meeting,"Feb 5, 2026 2:00 PM - 3:30 PM",Babbio 221,Main Meeting,,,
Setup: SASE: Light Up the New Year,"Feb 5, 2026 2:00 PM - 6:00 PM",UCC Tech Flex Space C (Front),Setup,,,
SALT Meeting,"Feb 5, 2026 2:00 PM - 3:00 PM",Howe 303 (Fielding),Main Meeting,,,
CS 3MT PhD Event ,"Feb 5, 2026 2:00 PM - 3:30 PM",Gateway South 122,Main Meeting,,,
Men's Volleyball vs Carthage 4pm,"Feb 5, 2026 2:00 PM - 6:30 PM",Schaefer Canavan Arena (Entire Arena),Main Meeting,,,
Setup: SASE: Light Up the New Year,"Feb 5, 2026 2:00 PM - 6:00 PM",UCC Tech Flex Space A (Back),Setup,,,
Setup: SASE: Light Up the New Year,"Feb 5, 2026 2:00 PM - 6:00 PM",UCC Tech Flex Space B (Middle),Setup,,,
Strength & Conditioning,"Feb 5, 2026 3:00 PM - 4:00 PM",Schaefer Athletic Training Center (ATC),Main Meeting,,,
Swimming,"Feb 5, 2026 3:30 PM - 6:30 PM",Schaefer Swimming Pool,Main Meeting,,,
Setup: Career Conversations and Networking Event,"Feb 5, 2026 3:30 PM - 6:00 PM",UCC 106 (The Gallery),Setup,,,
FLI Group Advising ,"Feb 5, 2026 4:00 PM - 5:00 PM",Martha Bayard Stevens Hall 105,Main Meeting,,,
The Hudson School Basketball Practices,"Feb 5, 2026 4:00 PM - 5:30 PM",Walker Gym,Main Meeting,,,
Women's Lacrosse,"Feb 5, 2026 4:30 PM - 6:30 PM",Schaefer DeBaun Field 1,Main Meeting,,,
Mens Lacrosse Meeting,"Feb 5, 2026 4:30 PM - 6:30 PM",Burchard 715,Main Meeting,,,
 ISDI (Information Systems and Digital Innovation Club) kick-off meeting,"Feb 5, 2026 5:00 PM - 6:00 PM",Babbio 104,Main Meeting,,,
FLI EBMS,"Feb 5, 2026 5:00 PM - 6:00 PM",UCC 205 (Conference Room),Main Meeting,,,
SRC Workslot,"Feb 5, 2026 5:00 PM - 8:00 PM",Griffith Building 134,Main Meeting,,,
Indoor Track,"Feb 5, 2026 5:00 PM - 7:00 PM",Schaefer Athletic Training Center (ATC),Main Meeting,,,
SHPE Jr E-board Meetings ,"Feb 5, 2026 5:00 PM - 6:00 PM",Babbio 304,Main Meeting,,,
EWB Minor Board Meeting ,"Feb 5, 2026 5:00 PM - 6:00 PM",UCC 207 (Conference Room),Main Meeting,,,
Badminton undergrad club,"Feb 5, 2026 5:30 PM - 6:30 PM",Walker Gym,Main Meeting,,,
Rules & Regulations Committee,"Feb 5, 2026 5:45 PM - 7:00 PM",Peirce 216,Main Meeting,,,
Spotify Book Club,"Feb 5, 2026 6:00 PM - 7:15 PM",Babbio 220,Main Meeting,,,
RHA Meetings,"Feb 5, 2026 6:00 PM - 7:00 PM",Peirce 220,Main Meeting,,,
SKY Meeting,"Feb 5, 2026 6:00 PM - 7:30 PM",Martha Bayard Stevens Hall 203,Main Meeting,,,
SJP E-Board Meeting,"Feb 5, 2026 6:00 PM - 8:00 PM",Peirce 218,Main Meeting,,,
ESC Eboard Meeting,"Feb 5, 2026 6:00 PM - 7:00 PM",UCC 207 (Conference Room),Main Meeting,,,
Career Conversations and Networking Event,"Feb 5, 2026 6:00 PM - 8:30 PM",UCC 106 (The Gallery),Main Meeting,,,
APO Eboard Meetings,"Feb 5, 2026 6:00 PM - 11:00 PM",Babbio 202,Main Meeting,,,
SASE: Light Up the New Year,"Feb 5, 2026 6:00 PM - 11:00 PM",UCC Tech Flex Space A (Back),Main Meeting,,,
Pending: Meeting,"Feb 5, 2026 6:00 PM - 7:00 PM",Babbio 221,Main Meeting,,,
SASE: Light Up the New Year,"Feb 5, 2026 6:00 PM - 11:00 PM",UCC Tech Flex Space B (Middle),Main Meeting,,,
SASE: Light Up the New Year,"Feb 5, 2026 6:00 PM - 11:00 PM",UCC Tech Flex Space C (Front),Main Meeting,,,
NSBE EBM,"Feb 5, 2026 6:15 PM - 7:15 PM",Gateway North 213,Main Meeting,,,
Resume Review,"Feb 5, 2026 6:30 PM - 8:00 PM",Babbio 310,Main Meeting,,,
Women's Basketball,"Feb 5, 2026 6:30 PM - 8:30 PM",Schaefer Canavan Arena (Entire Arena),Main Meeting,,,
CSA EBM (Canceled),"Feb 5, 2026 6:30 PM - 7:30 PM",UCC 207 (Conference Room),Main Meeting,,,
Men's Lacrosse,"Feb 5, 2026 6:30 PM - 8:30 PM",Schaefer DeBaun Field 1,Main Meeting,,,
Indoor Track,"Feb 5, 2026 6:30 PM - 10:00 PM",Athletics Facilities (Jersey City Armory),Main Meeting,,,
Volleyball,"Feb 5, 2026 6:30 PM - 8:00 PM",Walker Gym,Main Meeting,,,
E-Board Meeting ,"Feb 5, 2026 7:00 PM - 11:00 PM",McLean 105,Main Meeting,,,
CH 116 Exam Review,"Feb 5, 2026 7:00 PM - 8:30 PM",Kidde 228,Main Meeting,,,
SPS GBM 1,"Feb 5, 2026 7:00 PM - 11:00 PM",Gateway South 021,Main Meeting,,,
SAAC Meeting,"Feb 5, 2026 7:15 PM - 8:16 PM",Babbio 122,Main Meeting,,,
SAC Meeting,"Feb 5, 2026 7:30 PM - 8:00 PM",UCC 207 (Conference Room),Main Meeting,,,
Choir Rehearsal,"Feb 5, 2026 7:30 PM - 8:30 PM",Howe 409 (Bissinger),Main Meeting,,,
Stevens Computer Science Club E-Board Meeting,"Feb 5, 2026 7:31 PM - 10:30 PM",Gateway South 025,Main Meeting,,,
SDS Grease Rehearsals,"Feb 5, 2026 8:00 PM - 11:00 PM",Edwin A. Stevens 229A,Main Meeting,,,
SDS Music Rehearsals ,"Feb 5, 2026 8:00 PM - 11:00 PM",Edwin A. Stevens 229,Main Meeting,,,
Orgo Review,"Feb 5, 2026 8:00 PM - 9:30 PM",Babbio 220,Main Meeting,,,
EWB Meeting,"Feb 5, 2026 8:00 PM - 9:00 PM",Babbio 310,Main Meeting,,,
PL Info Session,"Feb 5, 2026 8:00 PM - 9:00 PM",Gateway North 103,Main Meeting,,,
Baseball Set Up (NT),"Feb 5, 2026 8:00 PM - 8:30 PM",Schaefer Athletic Training Center (ATC),Main Meeting,,,
Community Service,"Feb 5, 2026 8:30 PM - 11:30 PM",Burchard 111,Main Meeting,,,
Teardown: Career Conversations and Networking Event,"Feb 5, 2026 8:30 PM - 9:30 PM",UCC 106 (The Gallery),Teardown,,,
Baseball,"Feb 5, 2026 8:30 PM - 10:30 PM",Schaefer Athletic Training Center (ATC),Main Meeting,,,
Men's Basketball,"Feb 5, 2026 8:30 PM - 10:30 PM",Schaefer Canavan Arena (Entire Arena),Main Meeting,,,
Baseball,"Feb 5, 2026 8:30 PM - 10:30 PM",Walker Gym,Main Meeting,,,
VSA: Werewolf Game Hangout Night,"Feb 5, 2026 8:30 PM - 11:00 PM",Gateway South 121,Main Meeting,,,
APO Eboard Meetings,"Feb 5, 2026 9:00 PM - Feb 6, 2026 12:00 AM",Babbio 203,Main Meeting,,,
GBM 1,"Feb 5, 2026 9:00 PM - 11:30 PM",Babbio 319,Main Meeting,,,
Off Center Improv Practice GBM,"Feb 5, 2026 9:00 PM - 11:00 PM",Peirce 116,Main Meeting,,,
SHPEogloy: Welcome Back,"Feb 5, 2026 9:00 PM - 11:00 PM",Gateway South 122,Main Meeting,,,
Stevens Poetry Club GBM,"Feb 5, 2026 9:00 PM - 11:00 PM",Howe 104,Main Meeting,,,
Engineers Without Borders GBMs ,"Feb 5, 2026 9:00 PM - 11:00 PM",Gateway South 216,Main Meeting,,,
Project Development Meetings,"Feb 5, 2026 9:00 PM - 11:00 PM",Babbio 310,Main Meeting,,,
C2GS Weekly LAN,"Feb 5, 2026 9:00 PM - 11:59 PM",Babbio 304,Main Meeting,,,
C2GS Weekly LAN,"Feb 5, 2026 9:00 PM - 11:59 PM",Babbio 219,Main Meeting,,,
C2GS Weekly LAN,"Feb 5, 2026 9:00 PM - 11:59 PM",Babbio 104,Main Meeting,,,
Jazba Practice (Mock Shaadi),"Feb 5, 2026 9:00 PM - 10:00 PM",Gateway North 103,Main Meeting,,,
Dance Class,"Feb 5, 2026 9:00 PM - 10:00 PM",Howe 303 (Fielding),Main Meeting,,,
C2GS Weekly LAN,"Feb 5, 2026 9:00 PM - 11:59 PM",Morton 101,Main Meeting,,,
SDS Grease Rehearsals,"Feb 5, 2026 9:00 PM - 11:00 PM",McLean 211,Main Meeting,,,
SDS Grease Rehearsals,"Feb 5, 2026 9:00 PM - 11:00 PM",Gateway North 204,Main Meeting,,,
NSBE x BSU Black Jeopardy,"Feb 5, 2026 9:00 PM - 11:00 PM",Kidde 228,Main Meeting,,,
Mock Shaadi Dance Practices,"Feb 5, 2026 9:00 PM - 11:00 PM",Howe 409 (Bissinger),Main Meeting,,,
Welcome Back,"Feb 5, 2026 9:00 PM - 11:00 PM",Babbio 122,Main Meeting,,,
Big Little Paint and Sip ,"Feb 5, 2026 9:15 PM - 11:15 PM",Burchard 102,Main Meeting,,,
Mock Trial Team Meeting ,"Feb 5, 2026 9:15 PM - 11:15 PM",Babbio 221,Main Meeting,,,
[ASCE] GBM 1,"Feb 5, 2026 9:15 PM - 10:30 PM",Babbio 321,Main Meeting,,,
Engineers Without Borders | General Body Meeting,"Feb 5, 2026 9:15 PM - 11:00 PM",Burchard 103,Main Meeting,,,
Shakespeare Rehearsal,6-Feb-26,DeBaun Auditorium,Main Meeting,,,
Stevens Christian Fellowship Coffee Handouts,"Feb 6, 2026 8:00 AM - 11:00 AM",Babbio East Patio,Main Meeting,,,
Men's Tennis,"Feb 6, 2026 8:00 AM - 10:00 AM",Athletics Facilities (North Tennis Court 1),Main Meeting,,,
Indoor Track,"Feb 6, 2026 8:00 AM - 9:00 AM",Schaefer Athletic Training Center (ATC),Main Meeting,,,
Women's Tennis,"Feb 6, 2026 8:00 AM - 10:00 AM",Athletics Facilities (Binghamton Racquet Club),Main Meeting,,,
N/A,"Feb 6, 2026 8:00 AM - 4:00 PM",UCC Pi Kitchen,Main Meeting,,,
Lecture series- Konstantin Beyer,"Feb 6, 2026 10:00 AM - 12:00 PM",Burchard 715,Main Meeting,,,
Women's Lacrosse (NT),"Feb 6, 2026 10:00 AM - 12:00 PM",Schaefer DeBaun Field 2,Main Meeting,,,
Women's Lacrosse (NT),"Feb 6, 2026 10:00 AM - 12:00 PM",Schaefer Athletic Training Center (ATC),Main Meeting,,,
Marissa Carroll - Financials,"Feb 6, 2026 10:00 AM - 12:00 PM",UCC 208 (Conference Room),Main Meeting,,,
StevensTHON,"Feb 6, 2026 11:00 AM - 3:00 PM",UCC 1st Floor Lobby (Tabling Area) - Table 3,Main Meeting,,,
Wellness Peer Educators Meeting,"Feb 6, 2026 11:00 AM - 12:00 PM",Martha Bayard Stevens Hall 107,Main Meeting,,,
Condomgrams Fundraiser,"Feb 6, 2026 11:15 AM - 1:45 PM",UCC 1st Floor Lobby (Tabling Area) - Table 1,Main Meeting,,,
Men's & Women's Fencing,"Feb 6, 2026 12:00 PM - 2:00 PM",Walker Gym,Main Meeting,,,
Archon Office Hours,"Feb 6, 2026 12:00 PM - 1:00 PM",Martha Bayard Stevens Hall 105,Main Meeting,,,
Indoor Track,"Feb 6, 2026 12:00 PM - 2:00 PM",Schaefer Athletic Training Center (ATC),Main Meeting,,,
Men's Basketball (NT),"Feb 6, 2026 12:00 PM - 1:00 PM",Schaefer Canavan Arena (Entire Arena),Main Meeting,,,
MSA Jummah,"Feb 6, 2026 12:30 PM - 2:00 PM",UCC 106 (The Gallery),Main Meeting,,,
National Send a Card to Friend Day,"Feb 6, 2026 12:30 PM - 1:30 PM",UCC 1st Floor Lobby (Tabling Area) - Table 2,Main Meeting,,,
ASC New Tutor Training,"Feb 6, 2026 1:00 PM - 3:00 PM",Howe 104,Main Meeting,,,
Men's Basketball,"Feb 6, 2026 1:00 PM - 3:00 PM",Schaefer Canavan Arena (Entire Arena),Main Meeting,,,
KSA Practice Rooms,"Feb 6, 2026 1:00 PM - 3:00 PM",Howe 409 (Bissinger),Main Meeting,,,
CS 3MT PhD Event ,"Feb 6, 2026 1:00 PM - 2:00 PM",Gateway South 216,Main Meeting,,,
Physics department weekly seminars.,"Feb 6, 2026 2:00 PM - 3:30 PM",McLean 104,Main Meeting,,,
iBelong Focus Group,"Feb 6, 2026 2:00 PM - 3:00 PM",UCC 208 (Conference Room),Main Meeting,,,
Teardown: MSA Jummah,"Feb 6, 2026 2:00 PM - 3:00 PM",UCC 106 (The Gallery),Teardown,,,
DNI Committee,"Feb 6, 2026 2:00 PM - 3:15 PM",Peirce 120,Main Meeting,,,
Student Life Team Meetings,"Feb 6, 2026 2:00 PM - 3:00 PM",UCC 206 (Conference Room),Main Meeting,,,
Baseball,"Feb 6, 2026 2:00 PM - 3:00 PM",Schaefer DeBaun Field 1,Main Meeting,,,
Men's Basketball (NT),"Feb 6, 2026 2:30 PM - 3:30 PM",Schaefer 309 (Conference Room),Main Meeting,,,
Softball Set Up (NT),"Feb 6, 2026 2:30 PM - 3:00 PM",Schaefer Athletic Training Center (ATC),Main Meeting,,,
R/W committee,"Feb 6, 2026 3:00 PM - 4:30 PM",UCC 208 (Conference Room),Main Meeting,,,
SITHS prep meeting,"Feb 6, 2026 3:00 PM - 4:30 PM",UCC 207 (Conference Room),Main Meeting,,,
Stevens MSA presents: Ramadan Refresh ,"Feb 6, 2026 3:00 PM - 4:00 PM",UCC 106 (The Gallery),Main Meeting,,,
Women's Lacrosse Scrimmage vs Muhlenburg 4pm,"Feb 6, 2026 3:00 PM - 6:00 PM",Schaefer DeBaun Field 1,Main Meeting,,,
Muslim student assoc.,"Feb 6, 2026 3:00 PM - 4:30 PM",Walker Gym,Main Meeting,,,
Setup: Escape Room - Friday 2/6,"Feb 6, 2026 3:00 PM - 4:00 PM",Howe 409 (Bissinger),Setup,,,
Swimming,"Feb 6, 2026 3:00 PM - 5:00 PM",Schaefer Swimming Pool,Main Meeting,,,
CS 115 Office Hours ,"Feb 6, 2026 3:00 PM - 4:00 PM",Burchard 103,Main Meeting,,,
Women's Basketball,"Feb 6, 2026 3:00 PM - 5:00 PM",Schaefer Canavan Arena (Entire Arena),Main Meeting,,,
Softball ,"Feb 6, 2026 3:00 PM - 5:00 PM",Schaefer Athletic Training Center (ATC),Main Meeting,,,
Softball,"Feb 6, 2026 3:00 PM - 5:00 PM",Athletics Facilities (Weehawken Softball Field),Main Meeting,,,
ALPFA Eboard Meetings,"Feb 6, 2026 3:00 PM - 4:00 PM",Babbio 304,Main Meeting,,,
Setup: BHM Kickoff Reception,"Feb 6, 2026 4:00 PM - 5:30 PM",UCC 106 (The Gallery),Setup,,,
Escape Room - Friday 2/6,"Feb 6, 2026 4:00 PM - 11:00 PM",Howe 409 (Bissinger),Main Meeting,yes,5- 6ft tables / 4 chairs,CC1000191
Stevens Christian Fellowship Small Groups,"Feb 6, 2026 4:00 PM - 5:30 PM",Howe 104,Main Meeting,,,
Volleyball,"Feb 6, 2026 4:30 PM - 6:00 PM",Walker Gym,Main Meeting,,,
Theta Phi Alpha- Sapphire Night 2,"Feb 6, 2026 5:00 PM - 6:00 PM",Babbio 220,Main Meeting,,,
Events,"Feb 6, 2026 5:00 PM - 6:00 PM",Schaefer Canavan Arena (Entire Arena),Main Meeting,,,
SMIF Friday sessions,"Feb 6, 2026 5:00 PM - 6:15 PM",Babbio 304,Main Meeting,,,
 Spring Welcome Session,"Feb 6, 2026 5:00 PM - 9:00 PM",Howe 303 (Fielding),Main Meeting,,,
Bid Acceptance Meeting,"Feb 6, 2026 5:00 PM - 6:00 PM",Babbio 310,Main Meeting,,,
Shabbat Dinner,"Feb 6, 2026 5:00 PM - 9:00 PM",UCC Pi Kitchen,Main Meeting,,,
SYZ: Private Event,"Feb 6, 2026 5:30 PM - 11:00 PM",McLean 104,Main Meeting,,,
Baseball Set up,"Feb 6, 2026 5:30 PM - 6:00 PM",Schaefer Athletic Training Center (ATC),Main Meeting,,,
BHM Kickoff Reception,"Feb 6, 2026 5:30 PM - 9:00 PM",UCC 106 (The Gallery),Main Meeting,,,
SYZ: Private Event,"Feb 6, 2026 5:30 PM - 8:00 PM",McLean 105,Main Meeting,,,
SDS Eboard Meetings,"Feb 6, 2026 5:30 PM - 7:30 PM",Babbio 202,Main Meeting,,,
Men's Lacrosse vs Stockton Scrimmage 7pm,"Feb 6, 2026 6:00 PM - 9:00 PM",Schaefer DeBaun Field 1,Main Meeting,,,
International Graduate Stevens Christian Fellowship,"Feb 6, 2026 6:00 PM - 10:00 PM",Gateway North 213,Main Meeting,,,
International Graduate Stevens Christian Fellowship,"Feb 6, 2026 6:00 PM - 10:00 PM",Gateway North 204,Main Meeting,,,
International Graduate Stevens Christian Fellowship,"Feb 6, 2026 6:00 PM - 10:00 PM",Gateway North 103,Main Meeting,,,
Baseball (NT),"Feb 6, 2026 6:00 PM - 8:00 PM",Schaefer Athletic Training Center (ATC),Main Meeting,,,
Baseball (NT),"Feb 6, 2026 6:00 PM - 8:00 PM",Walker Gym,Main Meeting,,,
SYZ Recruitment Committee,"Feb 6, 2026 6:30 PM - 8:30 PM",Babbio 212,Main Meeting,,,
IFC Bid Day,"Feb 6, 2026 7:00 PM - 9:00 PM",Burchard 111,Main Meeting,,,
Mens Lax tailgate,"Feb 6, 2026 8:00 PM - 10:30 PM",Babbio 100 (Atrium),Main Meeting,,,
Club Sports,"Feb 6, 2026 9:00 PM - 10:30 PM",Schaefer DeBaun Field 1,Main Meeting,,,
Cricket club,"Feb 6, 2026 9:00 PM - 10:30 PM",Walker Gym,Main Meeting,,,
Teardown: BHM Kickoff Reception,"Feb 6, 2026 9:00 PM - 10:00 PM",UCC 106 (The Gallery),Teardown,,,
Misc Trivia,"Feb 6, 2026 9:15 PM - 11:55 PM",Babbio 122,Main Meeting,,,
Anime Club,"Feb 6, 2026 9:15 PM - Feb 7, 2026 7:00 AM",Burchard 111,Main Meeting,,,
Teardown: Escape Room - Friday 2/6,"Feb 6, 2026 11:00 PM - Feb 7, 2026 12:00 AM",Howe 409 (Bissinger),Teardown,,,
Shakespeare Rehearsal,7-Feb-26,DeBaun Auditorium,Main Meeting,,,
Swimming,"Feb 7, 2026 8:00 AM - 12:00 PM",Schaefer Swimming Pool,Main Meeting,,,
Softball Set Up (NT),"Feb 7, 2026 8:00 AM - 8:30 AM",Schaefer Athletic Training Center (ATC),Main Meeting,,,
Softball (NT),"Feb 7, 2026 8:30 AM - 10:30 AM",Walker Gym,Main Meeting,,,
Softball ,"Feb 7, 2026 8:30 AM - 10:30 AM",Schaefer Athletic Training Center (ATC),Main Meeting,,,
Art Harper Saturday Academy - Spring Semester,"Feb 7, 2026 9:00 AM - 3:00 PM",Babbio 220,Main Meeting,,,
Art Harper Saturday Academy - Spring Semester,"Feb 7, 2026 9:00 AM - 3:00 PM",Babbio 221,Main Meeting,,,
Art Harper Saturday Academy - Spring Semester,"Feb 7, 2026 9:00 AM - 3:00 PM",Babbio 219,Main Meeting,,,
Art Harper Saturday Academy - Spring Semester,"Feb 7, 2026 9:00 AM - 3:00 PM",Babbio 203,Main Meeting,,,
Multi-District Conclave,"Feb 7, 2026 9:00 AM - 3:30 PM",Babbio 122,Main Meeting,,,
Multi-District Conclave,"Feb 7, 2026 9:00 AM - 3:30 PM",Babbio 304,Main Meeting,,,
Multi-District Conclave,"Feb 7, 2026 9:00 AM - 3:30 PM",Babbio 310,Main Meeting,,,
Multi-District Conclave,"Feb 7, 2026 9:00 AM - 3:30 PM",Babbio 202,Main Meeting,,,
Multi-District Conclave,"Feb 7, 2026 9:00 AM - 3:30 PM",Babbio 319,Main Meeting,,,
Multi-District Conclave,"Feb 7, 2026 9:00 AM - 3:30 PM",Babbio 320,Main Meeting,,,
Multi-District Conclave,"Feb 7, 2026 9:00 AM - 3:30 PM",Babbio 321,Main Meeting,,,
Women's Basketball (NT),"Feb 7, 2026 9:30 AM - 10:30 AM",Schaefer Canavan Arena (Entire Arena),Main Meeting,,,
SDS Grease Choreo ,"Feb 7, 2026 10:00 AM - 2:00 PM",Edwin A. Stevens 229,Main Meeting,,,
SDS Grease Rehearsals,"Feb 7, 2026 10:00 AM - 2:00 PM",Gateway South 021,Main Meeting,,,
SDS Grease Rehearsals,"Feb 7, 2026 10:00 AM - 2:00 PM",Gateway North 204,Main Meeting,,,
Men's Basketball (NT),"Feb 7, 2026 10:30 AM - 11:30 AM",Schaefer Canavan Arena (Entire Arena),Main Meeting,,,
Softball,"Feb 7, 2026 10:30 AM - 1:30 PM",Athletics Facilities (Weehawken Softball Field),Main Meeting,,,
NGWSD,"Feb 7, 2026 10:30 AM - 1:00 PM",Schaefer Athletic Training Center (ATC),Main Meeting,,,
NGWSD,"Feb 7, 2026 10:30 AM - 1:00 PM",Walker Gym,Main Meeting,,,
New member retreat,"Feb 7, 2026 11:00 AM - 4:30 PM",Peirce 220,Main Meeting,,,
New Member Check In,"Feb 7, 2026 11:00 AM - 1:00 PM",Babbio 210,Main Meeting,,,
Duck Days Student Organization Banner Making ,"Feb 7, 2026 11:00 AM - 3:00 PM",UCC 220 (Student Commons),Main Meeting,,,
Women's Basketball vs Misericordia 1pm,"Feb 7, 2026 11:30 AM - 2:00 PM",Schaefer Canavan Arena (Entire Arena),Main Meeting,,,
SITHS Event 1,"Feb 7, 2026 12:00 PM - 4:00 PM",Babbio 100 (Atrium),Main Meeting,,,
Men's Tennis,"Feb 7, 2026 12:00 PM - 3:00 PM",Athletics Facilities (North Tennis Court 1),Main Meeting,,,
Pending: EWB PD Meeting,"Feb 7, 2026 12:00 PM - 3:00 PM",UCC 207 (Conference Room),Main Meeting,,,
Stevens Poker Club Weekly Tournament,"Feb 7, 2026 1:00 PM - 9:00 PM",Babbio 210,Main Meeting,,,
Men's Basketball (NT),"Feb 7, 2026 1:30 PM - 2:30 PM",Walker Gym,Main Meeting,,,
Baseball ,"Feb 7, 2026 1:30 PM - 3:30 PM",Schaefer Athletic Training Center (ATC),Main Meeting,,,
Women's Lacrosse Tailgate,"Feb 7, 2026 2:00 PM - 4:00 PM",Babbio 104,Main Meeting,,,
Men's Basketball v Misericordia 3pm,"Feb 7, 2026 2:00 PM - 5:30 PM",Schaefer Canavan Arena (Entire Arena),Main Meeting,,,
Duck Days - Banner Making  (Canceled),"Feb 7, 2026 2:00 PM - 5:00 PM",UCC 106 (The Gallery),Main Meeting,,,
Baseball,"Feb 7, 2026 2:30 PM - 4:30 PM",Walker Gym,Main Meeting,,,
EC - Splatter Room in Bissinger,"Feb 7, 2026 4:00 PM - 10:00 PM",Howe 409 (Bissinger),Main Meeting,,,
Mens Lax tailgate,"Feb 7, 2026 5:00 PM - 8:00 PM",Babbio 100 (Atrium),Main Meeting,,,
Fencing Tournament set up,"Feb 7, 2026 5:30 PM - 9:00 PM",Schaefer Canavan Arena (Entire Arena),Main Meeting,,,
Grad Badminton Club,"Feb 7, 2026 6:00 PM - 8:00 PM",Walker Gym,Main Meeting,,,
C2GS Epic Lans,"Feb 7, 2026 9:00 PM - Feb 8, 2026 7:00 AM",Babbio 210,Main Meeting,,,
C2GS Epic Lans,"Feb 7, 2026 9:00 PM - Feb 8, 2026 7:00 AM",Babbio 203,Main Meeting,,,
C2GS Epic Lans,"Feb 7, 2026 9:00 PM - Feb 8, 2026 7:00 AM",Babbio 122,Main Meeting,,,
C2GS Epic Lans,"Feb 7, 2026 9:00 PM - Feb 8, 2026 7:00 AM",Babbio 104,Main Meeting,,,
Shakespeare Rehearsal,8-Feb-26,DeBaun Auditorium,Main Meeting,,,
Men's and Women's Fencing Match 9am,"Feb 8, 2026 7:00 AM - 5:00 PM",Schaefer Canavan Arena (Entire Arena),Main Meeting,,,
Softball (NT),"Feb 8, 2026 8:00 AM - 9:00 AM",Walker Gym,Main Meeting,,,
Softball Set Up (NT),"Feb 8, 2026 8:30 AM - 9:00 AM",Schaefer Athletic Training Center (ATC),Main Meeting,,,
Softball,"Feb 8, 2026 9:00 AM - 11:00 AM",Schaefer Athletic Training Center (ATC),Main Meeting,,,
Fencing ,"Feb 8, 2026 9:00 AM - 6:00 PM",Walker Gym,Main Meeting,,,
APO Chapter Meetings,"Feb 8, 2026 10:00 AM - 6:00 PM",Gateway South 216,Main Meeting,,,
Events,"Feb 8, 2026 10:00 AM - 4:00 PM",Schaefer 309 (Conference Room),Main Meeting,,,
SGA Set Up,"Feb 8, 2026 10:00 AM - 3:00 PM",UCC 106 (The Gallery),Main Meeting,,,
Pancakes with the president,"Feb 8, 2026 10:00 AM - 12:30 PM",UCC Pi Kitchen,Main Meeting,,,
SHPE Subregional Retreat,"Feb 8, 2026 10:00 AM - 4:00 PM",Babbio 122,Main Meeting,,,
Sunday Mass,"Feb 8, 2026 10:30 AM - 1:30 PM",Babbio 210,Main Meeting,,,
Softball,"Feb 8, 2026 10:30 AM - 1:30 PM",Athletics Facilities (Weehawken Softball Field),Main Meeting,,,
Baseball (NT),"Feb 8, 2026 11:00 AM - 12:00 PM",Schaefer Athletic Training Center (ATC),Main Meeting,,,
Baseball,"Feb 8, 2026 12:00 PM - 3:00 PM",Schaefer Athletic Training Center (ATC),Main Meeting,,,
Presidents Retreat (Canceled),"Feb 8, 2026 12:00 PM - 1:30 PM",Babbio 100 (Atrium),Main Meeting,,,
Theta Phi Alpha- New Member Meeting,"Feb 8, 2026 1:00 PM - 2:00 PM",Babbio 221,Main Meeting,,,
Big/little ranking,"Feb 8, 2026 3:00 PM - 4:00 PM",Babbio 220,Main Meeting,,,
SGA Budget Committee Meeting,"Feb 8, 2026 3:00 PM - 4:00 PM",Babbio 104,Main Meeting,,,
Big/little ranking,"Feb 8, 2026 3:00 PM - 5:15 PM",Babbio 219,Main Meeting,,,
"Setup: Student Government Association: CSI, Budget, & Senate Meeting","Feb 8, 2026 3:00 PM - 4:00 PM",UCC 106 (The Gallery),Setup,,,
SKY Meditation Retreat Follow-Up,"Feb 8, 2026 4:00 PM - 8:00 PM",Burchard 104,Main Meeting,,,
SKY Meditation Retreat Follow-Up,"Feb 8, 2026 4:00 PM - 9:00 PM",Martha Bayard Stevens Hall 104,Main Meeting,,,
"Student Government Association: CSI, Budget, & Senate Meeting","Feb 8, 2026 4:00 PM - 10:00 PM",UCC 106 (The Gallery),Main Meeting,,,
Pick up Field Hockey,"Feb 8, 2026 4:00 PM - 5:00 PM",Schaefer Athletic Training Center (ATC),Main Meeting,,,
Intramurals,"Feb 8, 2026 5:00 PM - 11:00 PM",Schaefer Canavan Arena (Entire Arena),Main Meeting,,,
IEEE Event,"Feb 8, 2026 5:00 PM - 11:30 PM",Gateway North 204,Main Meeting,,,
SDT eboard meetings,"Feb 8, 2026 5:30 PM - 7:30 PM",Babbio 304,Main Meeting,,,
"Super Bowl Watch Party with  RA Raj, RA Ellis, RA Ariba & RA Angela","Feb 8, 2026 6:00 PM - 10:30 PM",Babbio 104,Main Meeting,,,
E-Board Meeting ,"Feb 8, 2026 7:00 PM - 11:00 PM",Babbio 203,Main Meeting,,,
CH 115 Exam Reviews,"Feb 8, 2026 7:00 PM - 8:30 PM",Burchard 111,Main Meeting,,,
E-Board Meeting ,"Feb 8, 2026 7:00 PM - 11:00 PM",Babbio 122,Main Meeting,,,
E-Board Meeting ,"Feb 8, 2026 7:00 PM - 11:00 PM",Babbio 210,Main Meeting,,,
E-Board Meeting ,"Feb 8, 2026 7:00 PM - 11:00 PM",Babbio 220,Main Meeting,,,
Phi Modules,"Feb 8, 2026 8:00 PM - 9:00 PM",Gateway South 121,Main Meeting,,,
Shakespeare Rehearsal,9-Feb-26,DeBaun Auditorium,Main Meeting,,,
Men's Tennis,"Feb 9, 2026 7:00 AM - 9:00 AM",Athletics Facilities (North Tennis Court 1),Main Meeting,,,
Women's Tennis ,"Feb 9, 2026 7:00 AM - 9:00 AM",Athletics Facilities (Binghamton Racquet Club),Main Meeting,,,
Men's Volleyball,"Feb 9, 2026 7:00 AM - 9:00 AM",Schaefer Canavan Arena (Entire Arena),Main Meeting,,,
Indoor Track,"Feb 9, 2026 7:30 AM - 9:00 AM",Schaefer DeBaun Field 3,Main Meeting,,,
N/A,"Feb 9, 2026 8:00 AM - 4:00 PM",UCC Pi Kitchen,Main Meeting,,,
The Hudson School Physical Education Classes,"Feb 9, 2026 9:30 AM - 10:30 AM",Walker Gym,Main Meeting,,,
Art for Impact,"Feb 9, 2026 9:45 AM - 12:15 PM",Peirce 216,Main Meeting,,,
FSL Office Hours,"Feb 9, 2026 10:00 AM - 3:00 PM",UCC 205 (Conference Room),Main Meeting,,,
weekly Group meeting-Yuping Huang,"Feb 9, 2026 10:00 AM - 12:00 PM",Burchard 430,Main Meeting,,,
Newman Catholic Office Hours,"Feb 9, 2026 10:00 AM - 5:30 PM",UCC 208 (Conference Room),Main Meeting,,,
Delta Phi Epsilon Tablesitting,"Feb 9, 2026 11:00 AM - 3:00 PM",UCC 1st Floor Lobby (Tabling Area) - Table 4,Main Meeting,,,
CHE 342 Office Hours for Course Facilitator,"Feb 9, 2026 11:00 AM - 1:00 PM",Babbio 212,Main Meeting,,,
Condomgrams Fundraiser,"Feb 9, 2026 11:15 AM - 1:45 PM",UCC 1st Floor Lobby (Tabling Area) - Table 1,Main Meeting,,,
Men's Lacrosse,"Feb 9, 2026 12:00 PM - 2:00 PM",Schaefer DeBaun Field 1,Main Meeting,,,
CAPS Virtual Reality Relaxation,"Feb 9, 2026 12:00 PM - 1:30 PM",UCC 220 (Student Commons),Main Meeting,,,
iBelong Tabling,"Feb 9, 2026 12:00 PM - 3:00 PM",UCC 1st Floor Lobby (Tabling Area) - Table 2,Main Meeting,,,
Indoor Track,"Feb 9, 2026 12:00 PM - 2:00 PM",Schaefer Athletic Training Center (ATC),Main Meeting,,,
Conversation with Doctoral Student Peer Mentors,"Feb 9, 2026 12:00 PM - 3:00 PM",Howe 303 (Fielding),Main Meeting,yes,2 6ft tables,CC1000128
Men's Basketball (NT),"Feb 9, 2026 12:00 PM - 1:00 PM",Schaefer Canavan Arena (Entire Arena),Main Meeting,,,
Setup: 100 days to graduation,"Feb 9, 2026 1:00 PM - 4:00 PM",UCC Tech Flex Space B (Middle),Setup,,,
StevensTHON,"Feb 9, 2026 1:00 PM - 5:00 PM",UCC 1st Floor Lobby (Tabling Area) - Table 3,Main Meeting,,,
Setup: 100 days to graduation,"Feb 9, 2026 1:00 PM - 4:00 PM",UCC Tech Flex Space A (Back),Setup,,,
Setup: 100 days to graduation,"Feb 9, 2026 1:00 PM - 4:00 PM",UCC Tech Flex Space C (Front),Setup,,,
Men's Basketball,"Feb 9, 2026 1:00 PM - 3:00 PM",Schaefer Canavan Arena (Entire Arena),Main Meeting,,,
Setup: 100 days to graduation,"Feb 9, 2026 1:00 PM - 4:00 PM",UCC Pre-function Space,Setup,,,
Stevens MSA NEW Shurah (Eboard) Meeting time,"Feb 9, 2026 2:00 PM - 3:00 PM",UCC 207 (Conference Room),Main Meeting,,,
Softball,"Feb 9, 2026 2:00 PM - 4:00 PM",Schaefer Athletic Training Center (ATC),Main Meeting,,,
Softball,"Feb 9, 2026 2:00 PM - 4:00 PM",Schaefer DeBaun Field 1,Main Meeting,,,
Swimming,"Feb 9, 2026 2:00 PM - 6:00 PM",Schaefer Swimming Pool,Main Meeting,,,
CAPS Virtual Reality Relaxation ,"Feb 9, 2026 2:30 PM - 4:30 PM",UCC 220 (Student Commons),Main Meeting,,,
Wrestling,"Feb 9, 2026 3:00 PM - 5:00 PM",Schaefer Wrestling Room,Main Meeting,,,
Engineers Without Borders | Fundraising Committee,"Feb 9, 2026 3:00 PM - 4:00 PM",Burchard 102,Main Meeting,,,
Fellowship Committee,"Feb 9, 2026 3:00 PM - 4:15 PM",Gateway South 121,Main Meeting,,,
100 days to graduation,"Feb 9, 2026 4:00 PM - 6:00 PM",UCC Tech Flex Space A (Back),Main Meeting,,,
100 days to graduation,"Feb 9, 2026 4:00 PM - 6:00 PM",UCC Tech Flex Space B (Middle),Main Meeting,,,
100 days to graduation,"Feb 9, 2026 4:00 PM - 6:00 PM",UCC Tech Flex Space C (Front),Main Meeting,,,
EWB Fundraising Meetings ,"Feb 9, 2026 4:00 PM - 5:00 PM",Babbio 304,Main Meeting,,,
100 days to graduation,"Feb 9, 2026 4:00 PM - 6:00 PM",UCC Pre-function Space,Main Meeting,,,
The Hudson School Basketball Practices,"Feb 9, 2026 4:00 PM - 5:30 PM",Walker Gym,Main Meeting,,,
Study Group,"Feb 9, 2026 4:00 PM - 6:00 PM",UCC 207 (Conference Room),Main Meeting,,,
Women's Lacrosse,"Feb 9, 2026 4:30 PM - 6:30 PM",Schaefer DeBaun Field 1,Main Meeting,,,
Board Game Night,"Feb 9, 2026 5:00 PM - 7:15 PM",Babbio 304,Main Meeting,,,
MA 122 Accommodation Exam ,"Feb 9, 2026 5:00 PM - 6:30 PM",Martha Bayard Stevens Hall 105,Main Meeting,,,
Women's Basketball,"Feb 9, 2026 5:00 PM - 7:00 PM",Schaefer Canavan Arena (Entire Arena),Main Meeting,,,
Theta Phi Alpha- Sapphire Night 3,"Feb 9, 2026 5:00 PM - 6:00 PM",Babbio 210,Main Meeting,,,
Indoor Track,"Feb 9, 2026 5:00 PM - 7:00 PM",Schaefer Athletic Training Center (ATC),Main Meeting,,,
Clark sophomore cohort meeting,"Feb 9, 2026 5:00 PM - 6:00 PM",Babbio 220,Main Meeting,,,
Grad Badminton Club ,"Feb 9, 2026 5:30 PM - 7:00 PM",Walker Gym,Main Meeting,,,
Pending: EWB Check-in Meeting,"Feb 9, 2026 5:30 PM - 6:30 PM",UCC 205 (Conference Room),Main Meeting,,,
Mens Soccer Meeting,"Feb 9, 2026 5:45 PM - 6:30 PM",Babbio 104,Main Meeting,,,
oSTEM GBM ,"Feb 9, 2026 6:00 PM - 8:00 PM",Peirce 218,Main Meeting,,,
Korean Student Association Executive Board Meeting,"Feb 9, 2026 6:00 PM - 7:00 PM",UCC 207 (Conference Room),Main Meeting,,,
SRC Workslot ,"Feb 9, 2026 6:00 PM - 9:00 PM",Griffith Building 134,Main Meeting,,,
CS 595-WS In-Person Space,"Feb 9, 2026 6:15 PM - 9:15 PM",Peirce 220,Main Meeting,,,
Amnesty GBM (Canceled),"Feb 9, 2026 6:30 PM - 9:00 PM",Gateway South 121,Main Meeting,,,
Men's Soccer,"Feb 9, 2026 6:30 PM - 8:30 PM",Schaefer DeBaun Field 1,Main Meeting,,,
Dancing with the Lambdas,"Feb 9, 2026 6:30 PM - 9:30 PM",Babbio 100 (Atrium),Main Meeting,,,
CSA EBM,"Feb 9, 2026 7:00 PM - 8:00 PM",Babbio 320,Main Meeting,,,
G&T EBM,"Feb 9, 2026 7:00 PM - 8:30 PM",Babbio 312,Main Meeting,,,
EWB Eboard Meeting,"Feb 9, 2026 7:00 PM - 8:30 PM",UCC 207 (Conference Room),Main Meeting,,,
BSU script writing,"Feb 9, 2026 7:00 PM - 9:00 PM",Howe 102,Main Meeting,,,
Intramurals,"Feb 9, 2026 7:00 PM - 11:00 PM",Walker Gym,Main Meeting,,,
Stevens Christian Fellowship Executive Board Meeting ,"Feb 9, 2026 7:00 PM - 8:00 PM",Babbio 212,Main Meeting,,,
SYZ Executive Board Meeting,"Feb 9, 2026 7:30 PM - 9:00 PM",UCC 208 (Conference Room),Main Meeting,,,
Choir Rehearsal,"Feb 9, 2026 7:30 PM - 8:30 PM",Howe 404 (Skyline 1),Main Meeting,,,
SDS Grease Rehearsals,"Feb 9, 2026 8:00 PM - 11:00 PM",Edwin A. Stevens 229A,Main Meeting,,,
Club Sports,"Feb 9, 2026 8:00 PM - 10:00 PM",Schaefer Athletic Training Center (ATC),Main Meeting,,,
recruitment,"Feb 9, 2026 8:00 PM - 9:30 PM",Babbio 319,Main Meeting,,,
Women's Basketball Study Hall,"Feb 9, 2026 8:00 PM - 11:00 PM",Howe 104,Main Meeting,,,
SHPE EBM,"Feb 9, 2026 8:00 PM - 9:30 PM",Babbio 320,Main Meeting,,,
Stroll Practice,"Feb 9, 2026 8:30 PM - 11:30 PM",Howe 404 (Skyline 1),Main Meeting,,,
Club Sports,"Feb 9, 2026 8:30 PM - 10:30 PM",Schaefer DeBaun Field 1,Main Meeting,,,
KSA GBM 2,"Feb 9, 2026 9:00 PM - 11:00 PM",Babbio 104,Main Meeting,,,
Alpha Phi Chapter ,"Feb 9, 2026 9:00 PM - 11:00 PM",Gateway South 216,Main Meeting,,,
Delta Phi Epsilon Chapter Meeting ,"Feb 9, 2026 9:00 PM - 11:30 PM",Gateway North 103,Main Meeting,,,
SYZ Chapter Meeting,"Feb 9, 2026 9:00 PM - 11:00 PM",UCC 207 (Conference Room),Main Meeting,,,
Chapter Meetings,"Feb 9, 2026 9:00 PM - 11:00 PM",Kidde 228,Main Meeting,,,
General Body Meeting ,"Feb 9, 2026 9:00 PM - 11:00 PM",McLean 104,Main Meeting,,,
SDS Grease Rehearsals,"Feb 9, 2026 9:00 PM - 11:00 PM",Gateway South 021,Main Meeting,,,
SDS Grease Rehearsals,"Feb 9, 2026 9:00 PM - 11:00 PM",Gateway North 204,Main Meeting,,,
ValentIEEEns,"Feb 9, 2026 9:00 PM - 11:30 PM",Peirce 120,Main Meeting,,,
General Meeting ,"Feb 9, 2026 9:00 PM - 11:00 PM",McLean 105,Main Meeting,,,
IEEE,"Feb 9, 2026 9:15 PM - 10:45 PM",Peirce 116,Main Meeting,,,
FAST GBM,"Feb 9, 2026 9:15 PM - 11:00 PM",Babbio 310,Main Meeting,,,
Theta Phi Alpha Chapter,"Feb 9, 2026 9:15 PM - 11:00 PM",Edwin A. Stevens 222,Main Meeting,,,
SCDT Spring GBMs,"Feb 9, 2026 9:15 PM - 10:15 PM",Babbio 210,Main Meeting,,,
Chapter,"Feb 9, 2026 9:15 PM - 11:00 PM",Gateway South 122,Main Meeting,,,
Phi Sigma Sigma Chapter,"Feb 9, 2026 9:15 PM - 11:00 PM",Babbio 122,Main Meeting,,,
Shakespeare Rehearsal,10-Feb-26,DeBaun Auditorium,Main Meeting,,,
Indoor Track,"Feb 10, 2026 6:30 AM - 9:00 AM",Athletics Facilities (Jersey City Armory),Main Meeting,,,
Setup: Financial Aid Literacy Event (Canceled),"Feb 10, 2026 7:00 AM - 9:00 AM",UCC 106 (The Gallery),Setup,,,
Wrestling,"Feb 10, 2026 7:00 AM - 9:00 AM",Schaefer Wrestling Room,Main Meeting,,,
Men's Tennis,"Feb 10, 2026 7:00 AM - 9:00 AM",Athletics Facilities (North Tennis Court 1),Main Meeting,,,
Women's Tennis ,"Feb 10, 2026 7:00 AM - 9:00 AM",Athletics Facilities (Binghamton Racquet Club),Main Meeting,,,
Swimming,"Feb 10, 2026 7:00 AM - 11:00 AM",Schaefer Swimming Pool,Main Meeting,,,
Stevens Electric Boatworks Meeting,"Feb 10, 2026 8:00 AM - 8:00 PM",Babbio 212,Main Meeting,,,
N/A,"Feb 10, 2026 8:00 AM - 4:00 PM",UCC Pi Kitchen,Main Meeting,,,
The Hudson School Physical Education Classes,"Feb 10, 2026 8:45 AM - 9:45 AM",Walker Gym,Main Meeting,,,
Financial Aid Literacy Event (Canceled),"Feb 10, 2026 9:00 AM - 8:00 PM",UCC 106 (The Gallery),Main Meeting,,,
Men's Basketball (NT),"Feb 10, 2026 9:30 AM - 10:30 AM",Schaefer Canavan Arena (Entire Arena),Main Meeting,,,
OUA Staff Meeting,"Feb 10, 2026 10:00 AM - 11:00 AM",Howe 1017 (Conference Room),Main Meeting,,,
Men's Basketball ,"Feb 10, 2026 10:30 AM - 12:30 PM",Schaefer Canavan Arena (Entire Arena),Main Meeting,,,
Ph.D dissertation- Zhaotong Li,"Feb 10, 2026 11:00 AM - 12:30 PM",Babbio 312,Main Meeting,,,
GSL team meeting ,"Feb 10, 2026 11:00 AM - 12:00 PM",UCC 207 (Conference Room),Main Meeting,,,
Delta Phi Epsilon Tablesitting,"Feb 10, 2026 11:00 AM - 3:00 PM",UCC 1st Floor Lobby (Tabling Area) - Table 4,Main Meeting,,,
Setup: Support and Discussion - Iran Today,"Feb 10, 2026 11:00 AM - 1:00 PM",Howe 404 (Skyline 1),Setup,,,
PL Info Session,"Feb 10, 2026 12:00 PM - 1:00 PM",Babbio 202,Main Meeting,,,
Indoor Track,"Feb 10, 2026 12:00 PM - 3:00 PM",Athletics Facilities (Jersey City Armory),Main Meeting,,,
Admin Meeting,"Feb 10, 2026 12:00 PM - 1:00 PM",Schaefer 309 (Conference Room),Main Meeting,,,
Journaling,"Feb 10, 2026 12:00 PM - 1:15 PM",Babbio 219,Main Meeting,,,
iBelong Tabling,"Feb 10, 2026 12:00 PM - 3:00 PM",UCC 1st Floor Lobby (Tabling Area) - Table 2,Main Meeting,,,
Men's & Women's Fencing,"Feb 10, 2026 12:00 PM - 3:00 PM",Walker Gym,Main Meeting,,,
Support and Discussion - Iran Today,"Feb 10, 2026 1:00 PM - 2:30 PM",Howe 404 (Skyline 1),Main Meeting,yes,2 chairs in a circle and 1-6ft table along the wall,CC1000258
Graduate Career Accelerator,"Feb 10, 2026 1:30 PM - 2:30 PM",Martha Bayard Stevens Hall 104,Main Meeting,,,
Softball (NT),"Feb 10, 2026 1:30 PM - 2:30 PM",Schaefer 309 (Conference Room),Main Meeting,,,
Email Etiquette,"Feb 10, 2026 1:30 PM - 3:30 PM",Babbio 310,Main Meeting,,,
Softball,"Feb 10, 2026 2:00 PM - 4:00 PM",Schaefer Athletic Training Center (ATC),Main Meeting,,,
CS Research Group Meeting - J. Hong,"Feb 10, 2026 2:00 PM - 3:00 PM",Gateway North 213,Main Meeting,,,
Teardown: Support and Discussion - Iran Today,"Feb 10, 2026 2:30 PM - 3:30 PM",Howe 404 (Skyline 1),Teardown,,,
Service Committee,"Feb 10, 2026 2:30 PM - 3:30 PM",Babbio 221,Main Meeting,,,
Honor Board EBM,"Feb 10, 2026 3:00 PM - 5:00 PM",UCC 207 (Conference Room),Main Meeting,,,
AFSP Candy Grams,"Feb 10, 2026 3:00 PM - 5:00 PM",UCC 1st Floor Lobby (Tabling Area) - Table 1,Main Meeting,,,
Women's Lacrosse (NT),"Feb 10, 2026 3:15 PM - 3:45 PM",Walker 102 (Recruiting Lounge),Main Meeting,,,
Swimming,"Feb 10, 2026 3:30 PM - 6:30 PM",Schaefer Swimming Pool,Main Meeting,,,
Membership Committee,"Feb 10, 2026 3:30 PM - 4:45 PM",Babbio 320,Main Meeting,,,
Setup: Love N BSU,"Feb 10, 2026 4:00 PM - 9:00 PM",UCC Tech Flex Space A (Back),Setup,,,
Setup: Love N BSU,"Feb 10, 2026 4:00 PM - 9:00 PM",UCC Tech Flex Space C (Front),Setup,,,
Setup: Love N BSU,"Feb 10, 2026 4:00 PM - 9:00 PM",UCC Pre-function Space,Setup,,,
Setup: Love N BSU,"Feb 10, 2026 4:00 PM - 9:00 PM",UCC Tech Flex Space B (Middle),Setup,,,
CRASH Project Tabling ,"Feb 10, 2026 4:00 PM - 6:00 PM",UCC 1st Floor Lobby (Tabling Area) - Table 2,Main Meeting,,,
Pending: OoO Info Session #1,"Feb 10, 2026 4:30 PM - 5:30 PM",Gateway North 204,Main Meeting,,,
Badminton undergrad club,"Feb 10, 2026 4:30 PM - 6:30 PM",Walker Gym,Main Meeting,,,
Mens Lacrosse Meeting,"Feb 10, 2026 4:30 PM - 6:30 PM",Burchard 715,Main Meeting,,,
Women's Lacrosse,"Feb 10, 2026 4:30 PM - 6:30 PM",Schaefer DeBaun Field 1,Main Meeting,,,
Indoor Track,"Feb 10, 2026 5:00 PM - 7:00 PM",Schaefer Athletic Training Center (ATC),Main Meeting,,,
AI Graduate Club Spring 2026,"Feb 10, 2026 5:00 PM - 9:00 PM",UCC 106 (The Gallery),Main Meeting,,,
SSMIF Speaker,"Feb 10, 2026 5:00 PM - 6:15 PM",Gateway North 103,Main Meeting,,,
SMIF,"Feb 10, 2026 5:00 PM - 6:15 PM",Babbio 202,Main Meeting,,,
oSTEM GBM,"Feb 10, 2026 5:00 PM - 6:30 PM",Babbio 304,Main Meeting,,,
SRC Workslot ,"Feb 10, 2026 5:00 PM - 8:00 PM",Griffith Building 134,Main Meeting,,,
Setup: Study with the Smooth,"Feb 10, 2026 5:00 PM - 6:00 PM",Burchard 430,Setup,,,
HOLD - AI Club Welcome Event (Canceled),"Feb 10, 2026 5:00 PM - 9:00 PM",Gateway North 204,Main Meeting,,,
Pre-law minor info session,"Feb 10, 2026 5:00 PM - 6:30 PM",Peirce 216,Main Meeting,,,
Men's Volleyball vs NYU 7pm,"Feb 10, 2026 5:00 PM - 9:30 PM",Schaefer Canavan Arena (Entire Arena),Main Meeting,,,
SASE: E-Board Meeting,"Feb 10, 2026 5:30 PM - 6:00 PM",UCC 207 (Conference Room),Main Meeting,,,
Pending: SPY- AL,"Feb 10, 2026 5:30 PM - 7:30 PM",North Building 102,Main Meeting,,,
AI Club Graduate,"Feb 10, 2026 5:30 PM - 9:00 PM",Gateway North 204,Main Meeting,,,
Study with the Smooth,"Feb 10, 2026 6:00 PM - 8:00 PM",Burchard 430,Main Meeting,,,
Stevens Signs GBM,"Feb 10, 2026 6:00 PM - 7:00 PM",Gateway South 122,Main Meeting,,,
Softball (NT),"Feb 10, 2026 6:00 PM - 8:30 PM",Schaefer 309 (Conference Room),Main Meeting,,,
Discussion on Current Events,"Feb 10, 2026 6:00 PM - 10:00 PM",Kidde 228,Main Meeting,,,
SASE: E-Board Meeting,"Feb 10, 2026 6:00 PM - 7:30 PM",UCC 207 (Conference Room),Main Meeting,,,
Mass and Newman Nights,"Feb 10, 2026 6:30 PM - 10:00 PM",North Building 104,Main Meeting,,,
Women's Basketball,"Feb 10, 2026 6:30 PM - 8:30 PM",Walker Gym,Main Meeting,,,
Scholars of Finance - Mark Corteil,"Feb 10, 2026 6:30 PM - 8:30 PM",Edwin A. Stevens 222,Main Meeting,,,
Men's Lacrosse,"Feb 10, 2026 6:30 PM - 8:30 PM",Schaefer DeBaun Field 1,Main Meeting,,,
Indoor Track,"Feb 10, 2026 6:30 PM - 10:00 PM",Athletics Facilities (Jersey City Armory),Main Meeting,,,
FLI Game Day,"Feb 10, 2026 6:30 PM - 9:00 PM",Gateway North 213,Main Meeting,,,
Event #1 - Slime Time,"Feb 10, 2026 7:00 PM - 11:00 PM",Babbio 100 (Atrium),Main Meeting,,,
Pending: SAVE GBM #1,"Feb 10, 2026 7:00 PM - 9:00 PM",Peirce 216,Main Meeting,,,
FIBA GBM,"Feb 10, 2026 7:00 PM - 8:30 PM",Gateway South 122,Main Meeting,,,
Second Booking of meeting room,"Feb 10, 2026 7:00 PM - 11:59 PM",Gateway South 024,Main Meeting,,,
SDS Weekly Production Board Meetings,"Feb 10, 2026 7:00 PM - 9:00 PM",Edwin A. Stevens 130,Main Meeting,,,
EWB Eboard Meetings ,"Feb 10, 2026 7:30 PM - 8:30 PM",UCC 207 (Conference Room),Main Meeting,,,
EWB EBMs ,"Feb 10, 2026 7:30 PM - 8:30 PM",Babbio East Patio,Main Meeting,,,
AKPsi Chapter Meeting,"Feb 10, 2026 8:00 PM - 10:00 PM",Burchard 102,Main Meeting,,,
Teardown: Financial Aid Literacy Event (Canceled),"Feb 10, 2026 8:00 PM - 9:00 PM",UCC 106 (The Gallery),Teardown,,,
Baseball Set Up (NT),"Feb 10, 2026 8:00 PM - 8:30 PM",Schaefer Athletic Training Center (ATC),Main Meeting,,,
Jazba Practice (Mock Shaadi),"Feb 10, 2026 8:00 PM - 11:00 PM",Babbio 203,Main Meeting,,,
Teardown: Study with the Smooth,"Feb 10, 2026 8:00 PM - 9:00 PM",Burchard 430,Teardown,,,
Recruitment,"Feb 10, 2026 8:00 PM - 10:00 PM",Burchard 111,Main Meeting,,,
SDS Grease Rehearsals,"Feb 10, 2026 8:00 PM - 11:00 PM",Morton 105,Main Meeting,,,
Baseball,"Feb 10, 2026 8:30 PM - 10:30 PM",Schaefer Athletic Training Center (ATC),Main Meeting,,,
Baseball,"Feb 10, 2026 8:30 PM - 10:30 PM",Walker Gym,Main Meeting,,,
Baseball,"Feb 10, 2026 8:30 PM - 10:30 PM",Schaefer DeBaun Field 1,Main Meeting,,,
Love N BSU,"Feb 10, 2026 9:00 PM - 11:30 PM",UCC Tech Flex Space C (Front),Main Meeting,,,
General Body Meeting ,"Feb 10, 2026 9:00 PM - 11:00 PM",McLean 104,Main Meeting,,,
SGDC Weekly GBM,"Feb 10, 2026 9:00 PM - 11:00 PM",Babbio 122,Main Meeting,,,
StevensTHON General Board Meeting,"Feb 10, 2026 9:00 PM - 11:00 PM",Peirce 120,Main Meeting,,,
Off Center Improv Practice GBM,"Feb 10, 2026 9:00 PM - 11:00 PM",Peirce 116,Main Meeting,,,
PPC General Event,"Feb 10, 2026 9:00 PM - 10:00 PM",Babbio 202,Main Meeting,,,
Love N BSU,"Feb 10, 2026 9:00 PM - 11:30 PM",UCC Pre-function Space,Main Meeting,,,
General Meeting ,"Feb 10, 2026 9:00 PM - 11:00 PM",McLean 105,Main Meeting,,,
Chapter Meeting,"Feb 10, 2026 9:00 PM - 11:00 PM",Gateway North 202 (Study Carrels),Main Meeting,,,
SDS Grease Rehearsals,"Feb 10, 2026 9:00 PM - 11:00 PM",Gateway North 204,Main Meeting,,,
Big Little Meetings,"Feb 10, 2026 9:00 PM - 10:15 PM",Gateway South 121,Main Meeting,,,
SDS Grease Rehearsals,"Feb 10, 2026 9:00 PM - 11:00 PM",Gateway South 021,Main Meeting,,,
SLUG Weekly Meeting,"Feb 10, 2026 9:00 PM - 11:59 PM",Gateway North 213,Main Meeting,,,
SITHS EBM,"Feb 10, 2026 9:00 PM - 10:00 PM",UCC 207 (Conference Room),Main Meeting,,,
SITHS GBM,"Feb 10, 2026 9:00 PM - 10:00 PM",Morton 103,Main Meeting,,,
Mock Shaadi Dance Practices,"Feb 10, 2026 9:00 PM - 11:00 PM",Howe 409 (Bissinger),Main Meeting,,,
Love N BSU,"Feb 10, 2026 9:00 PM - 11:30 PM",UCC Tech Flex Space A (Back),Main Meeting,,,
Love N BSU,"Feb 10, 2026 9:00 PM - 11:30 PM",UCC Tech Flex Space B (Middle),Main Meeting,,,
Debate Night Event,"Feb 10, 2026 9:15 PM - 11:15 PM",Babbio 221,Main Meeting,,,
Alpha Phi New member education,"Feb 10, 2026 9:15 PM - 11:00 PM",Burchard 104,Main Meeting,,,
NM Discussion Session 4  Identity Discovery,"Feb 10, 2026 9:15 PM - 11:15 PM",Babbio 219,Main Meeting,,,
The Stute GBM,"Feb 10, 2026 9:15 PM - 11:15 PM",Babbio 210,Main Meeting,,,
Club Sports,"Feb 10, 2026 9:30 PM - 10:30 PM",Schaefer Canavan Arena (Entire Arena),Main Meeting,,,
Teardown: Love N BSU,"Feb 10, 2026 11:30 PM - Feb 11, 2026 12:30 AM",UCC Tech Flex Space A (Back),Teardown,,,
Teardown: Love N BSU,"Feb 10, 2026 11:30 PM - Feb 11, 2026 12:30 AM",UCC Tech Flex Space B (Middle),Teardown,,,
Teardown: Love N BSU,"Feb 10, 2026 11:30 PM - Feb 11, 2026 12:30 AM",UCC Tech Flex Space C (Front),Teardown,,,
Teardown: Love N BSU,"Feb 10, 2026 11:30 PM - Feb 11, 2026 12:30 AM",UCC Pre-function Space,Teardown,,,
Shakespeare Rehearsal,11-Feb-26,DeBaun Auditorium,Main Meeting,,,
Women's Tennis ,"Feb 11, 2026 7:00 AM - 9:00 AM",Athletics Facilities (Binghamton Racquet Club),Main Meeting,,,
Setup: Financial Aid Lender Fair Event (Canceled),"Feb 11, 2026 7:00 AM - 9:00 AM",Babbio 100 (Atrium),Setup,,,
Maintanance,"Feb 11, 2026 7:00 AM - 1:30 PM",Schaefer Canavan Arena (Entire Arena),Main Meeting,,,
N/A,"Feb 11, 2026 8:00 AM - 4:00 PM",UCC Pi Kitchen,Main Meeting,,,
Softball (NT),"Feb 11, 2026 8:00 AM - 10:00 AM",Schaefer Athletic Training Center (ATC),Main Meeting,,,
Financial Aid Lender Fair Event (Canceled),"Feb 11, 2026 9:00 AM - 8:00 PM",Babbio 100 (Atrium),Main Meeting,,,
SA Financial Analyst,"Feb 11, 2026 9:00 AM - 5:00 PM",UCC 205 (Conference Room),Main Meeting,,,
MA 122  Accommodation Exam ,"Feb 11, 2026 9:00 AM - 4:00 PM",Martha Bayard Stevens Hall 105,Main Meeting,,,
SA Financial Analyst,"Feb 11, 2026 9:00 AM - 5:00 PM",UCC 206 (Conference Room),Main Meeting,,,
Joe Perz Meeting,"Feb 11, 2026 10:00 AM - 11:00 AM",Howe 1017 (Conference Room),Main Meeting,,,
FSL Office Hours,"Feb 11, 2026 10:00 AM - 3:00 PM",UCC 208 (Conference Room),Main Meeting,,,
Setup: HIV/AIDS Testing Drive,"Feb 11, 2026 10:30 AM - 11:30 AM",Babbio East Patio,Setup,,,
Setup: University Advancement Event,"Feb 11, 2026 11:00 AM - 12:00 PM",UCC Pre-function Space,Setup,,,
Setup: University Advancement Event,"Feb 11, 2026 11:00 AM - 12:00 PM",UCC Tech Flex Space C (Front),Setup,,,
Hillel Bagel Brunch,"Feb 11, 2026 11:00 AM - 1:00 PM",UCC The Commons Area,Main Meeting,,,
Setup: University Advancement Event,"Feb 11, 2026 11:00 AM - 12:00 PM",UCC Tech Flex Space B (Middle),Setup,,,
Setup: University Advancement Event,"Feb 11, 2026 11:00 AM - 12:00 PM",UCC Tech Flex Space A (Back),Setup,,,
Delta Phi Epsilon Tablesitting,"Feb 11, 2026 11:00 AM - 3:00 PM",UCC 1st Floor Lobby (Tabling Area) - Table 4,Main Meeting,,,
The Hudson School Physical Education Classes,"Feb 11, 2026 11:00 AM - 12:00 PM",Walker Gym,Main Meeting,,,
HIV/AIDS Testing Drive,"Feb 11, 2026 11:30 AM - 5:30 PM",Babbio East Patio,Main Meeting,,,
Setup: Leadership Lab ,"Feb 11, 2026 11:30 AM - 1:00 PM",UCC 106 (The Gallery),Setup,,,
CS 595 CA Office Hours,"Feb 11, 2026 11:30 AM - 12:30 PM",Martha Bayard Stevens Hall 107,Main Meeting,,,
Brown Bag lunch,"Feb 11, 2026 11:30 AM - 2:00 PM",UCC 207 (Conference Room),Main Meeting,,,
Pending: EWB Check-in Meeting,"Feb 11, 2026 12:00 PM - 1:00 PM",Babbio 212,Main Meeting,,,
Women's Lacrosse (NT),"Feb 11, 2026 12:00 PM - 1:30 PM",Schaefer DeBaun Field 2,Main Meeting,,,
University Advancement Event,"Feb 11, 2026 12:00 PM - 8:00 PM",UCC Pre-function Space,Main Meeting,,,
iBelong Tabling,"Feb 11, 2026 12:00 PM - 3:00 PM",UCC 1st Floor Lobby (Tabling Area) - Table 2,Main Meeting,,,
University Advancement Event,"Feb 11, 2026 12:00 PM - 8:00 PM",UCC Tech Flex Space A (Back),Main Meeting,,,
University Advancement Event,"Feb 11, 2026 12:00 PM - 8:00 PM",UCC Tech Flex Space B (Middle),Main Meeting,,,
University Advancement Event,"Feb 11, 2026 12:00 PM - 8:00 PM",UCC Tech Flex Space C (Front),Main Meeting,,,
Leadership Lab ,"Feb 11, 2026 1:00 PM - 3:00 PM",UCC 106 (The Gallery),Main Meeting,,,
Weekly Meeting of Professor Junfeng Liang,"Feb 11, 2026 1:00 PM - 3:00 PM",Howe 104,Main Meeting,,,
Baseball Set Up (NT),"Feb 11, 2026 1:30 PM - 2:00 PM",Schaefer DeBaun Field 1,Main Meeting,,,
Men's Basketball (NT),"Feb 11, 2026 1:30 PM - 2:30 PM",Schaefer Canavan Arena (Entire Arena),Main Meeting,,,
Pie a merm ,"Feb 11, 2026 1:30 PM - 6:00 PM",Babbio West Patio,Main Meeting,,,
Leadership Committee,"Feb 11, 2026 2:00 PM - 3:15 PM",Babbio 304,Main Meeting,,,
WLAX Study Hall,"Feb 11, 2026 2:00 PM - 3:30 PM",Babbio 219,Main Meeting,,,
Setup: Teaching with AI,"Feb 11, 2026 2:00 PM - 3:00 PM",Howe 409 (Bissinger),Setup,,,
Swimming,"Feb 11, 2026 2:00 PM - 6:00 PM",Schaefer Swimming Pool,Main Meeting,,,
Baseball,"Feb 11, 2026 2:00 PM - 4:00 PM",Schaefer DeBaun Field 1,Main Meeting,,,
Men's Basketball (NT),"Feb 11, 2026 2:00 PM - 3:00 PM",Schaefer 309 (Conference Room),Main Meeting,,,
Men's & Women's Fencing,"Feb 11, 2026 2:00 PM - 5:00 PM",Walker Gym,Main Meeting,,,
Women's Volleyball (NT),"Feb 11, 2026 2:30 PM - 4:00 PM",Walker 102 (Recruiting Lounge),Main Meeting,,,
Leadership Lab (Canceled),"Feb 11, 2026 2:30 PM - 3:00 PM",-,Main Meeting,,,
Softball Set Up (NT),"Feb 11, 2026 2:30 PM - 3:00 PM",Schaefer Athletic Training Center (ATC),Main Meeting,,,
SASE: Fundraiser,"Feb 11, 2026 2:30 PM - 5:30 PM",UCC 1st Floor Lobby (Tabling Area) - Table 1,Main Meeting,,,
Bible Study,"Feb 11, 2026 2:30 PM - 4:30 PM",North Building 104,Main Meeting,,,
CS Carnival and Open House ,"Feb 11, 2026 3:00 PM - 6:00 PM",Gateway South 216,Main Meeting,,,
Weekly Eboard Meeting,"Feb 11, 2026 3:00 PM - 4:00 PM",North Building 102,Main Meeting,,,
CS Carnival and Open House ,"Feb 11, 2026 3:00 PM - 6:00 PM",Gateway South 122,Main Meeting,,,
Alpha Phi Study Hours,"Feb 11, 2026 3:00 PM - 5:00 PM",Martha Bayard Stevens Hall 104,Main Meeting,,,
CHE 342 Recitation,"Feb 11, 2026 3:00 PM - 4:00 PM",McLean 104,Main Meeting,,,
CS Carnival and Open House ,"Feb 11, 2026 3:00 PM - 6:00 PM",Gateway South 123,Main Meeting,,,
CS Carnival and Open House ,"Feb 11, 2026 3:00 PM - 6:00 PM",Gateway South 121,Main Meeting,,,
CS Carnival and Open House ,"Feb 11, 2026 3:00 PM - 6:00 PM",Gateway North 213,Main Meeting,,,
Math Circle Training,"Feb 11, 2026 3:00 PM - 5:00 PM",North Building 103,Main Meeting,,,
SRC GBM,"Feb 11, 2026 3:00 PM - 6:00 PM",Griffith Building 134,Main Meeting,,,
CS 590 office hours,"Feb 11, 2026 3:00 PM - 5:00 PM",Gateway North 202 (Study Carrels),Main Meeting,,,
Pending: Stevens MSA Shurah (Eboard) Meeting for 2-11-2026,"Feb 11, 2026 3:00 PM - 5:00 PM",McLean 105,Main Meeting,,,
Leadership Lab (Canceled),"Feb 11, 2026 3:00 PM - 3:00 PM",UCC 106 (The Gallery),Main Meeting,,,
CS Carnival and Open House ,"Feb 11, 2026 3:00 PM - 6:00 PM",Gateway North 204,Main Meeting,,,
NSBE Black in Academics,"Feb 11, 2026 3:00 PM - 5:00 PM",Babbio 122,Main Meeting,,,
Meeting,"Feb 11, 2026 3:00 PM - 5:00 PM",Babbio 221,Main Meeting,,,
J & J Collab,"Feb 11, 2026 3:00 PM - 5:00 PM",Burchard 111,Main Meeting,,,
STC E-Board Meeting,"Feb 11, 2026 3:00 PM - 4:30 PM",Edwin A. Stevens 229A,Main Meeting,,,
Exec Meetings,"Feb 11, 2026 3:00 PM - 4:00 PM",Babbio 312,Main Meeting,,,
Softball,"Feb 11, 2026 3:00 PM - 6:00 PM",Athletics Facilities (Weehawken Softball Field),Main Meeting,,,
CEOE Faculty Meeting: Spring 26 Semester,"Feb 11, 2026 3:00 PM - 4:30 PM",ABS Engineering Center 301,Main Meeting,,,
Weekly Meeting,"Feb 11, 2026 3:00 PM - 5:00 PM",Peirce 218,Main Meeting,,,
ASA Welcomes in Spring and Black History Month,"Feb 11, 2026 3:00 PM - 5:00 PM",Carnegie 316,Main Meeting,,,
Honor Board Hearing,"Feb 11, 2026 3:00 PM - 5:00 PM",Howe 104,Main Meeting,,,
CSA EBM,"Feb 11, 2026 3:00 PM - 4:00 PM",Howe 1017 (Conference Room),Main Meeting,,,
Study Abroad Info Session,"Feb 11, 2026 3:00 PM - 5:00 PM",Babbio 319,Main Meeting,,,
How to Interview 101,"Feb 11, 2026 3:00 PM - 5:00 PM",Babbio 321,Main Meeting,,,
Student Life Policy,"Feb 11, 2026 3:00 PM - 4:30 PM",Babbio 210,Main Meeting,,,
EWB PD Leads Meeting,"Feb 11, 2026 3:00 PM - 4:00 PM",Burchard 104,Main Meeting,,,
CS284 - Accommodation Exams,"Feb 11, 2026 3:00 PM - 4:00 PM",Gateway South 025,Main Meeting,,,
Wrestling,"Feb 11, 2026 3:00 PM - 5:00 PM",Schaefer Wrestling Room,Main Meeting,,,
Pending: OoO Recruitment Tabling,"Feb 11, 2026 3:00 PM - 4:00 PM",Babbio 100 (Atrium),Main Meeting,,,
Bystander Intervention Training,"Feb 11, 2026 3:00 PM - 4:30 PM",Babbio 203,Main Meeting,,,
The Stute Minorboard Meeting - Spring Semester ,"Feb 11, 2026 3:00 PM - 4:30 PM",UCC 207 (Conference Room),Main Meeting,,,
AFSP Candy Grams,"Feb 11, 2026 3:00 PM - 5:00 PM",UCC 1st Floor Lobby (Tabling Area) - Table 2,Main Meeting,,,
Honor Board Hearing,"Feb 11, 2026 3:00 PM - 5:00 PM",Howe 102,Main Meeting,,,
FAST EBM,"Feb 11, 2026 3:00 PM - 5:00 PM",Babbio 320,Main Meeting,,,
Tech Team,"Feb 11, 2026 3:00 PM - 4:00 PM",Carnegie 315,Main Meeting,,,
Setup: CS Carnival and Open House ,"Feb 11, 2026 3:00 PM - 3:30 PM",Gateway North 103,Setup,,,
Theta Phi Alpha- FSL FF Table sitting ,"Feb 11, 2026 3:00 PM - 5:00 PM",UCC 1st Floor Lobby (Tabling Area) - Table 3,Main Meeting,,,
FSL and Donuts: Valentines Edition,"Feb 11, 2026 3:00 PM - 4:00 PM",UCC 220 (Student Commons),Main Meeting,,,
Blueprint Event,"Feb 11, 2026 3:00 PM - 4:00 PM",Babbio 104,Main Meeting,,,
Event,"Feb 11, 2026 3:00 PM - 5:00 PM",Burchard 103,Main Meeting,,,
FIBA Office Hours,"Feb 11, 2026 3:00 PM - 5:00 PM",Babbio 310,Main Meeting,,,
UG Research and Fellowship Office Hours,"Feb 11, 2026 3:00 PM - 4:30 PM",Babbio 212,Main Meeting,,,
Teaching with AI,"Feb 11, 2026 3:00 PM - 5:00 PM",Howe 409 (Bissinger),Main Meeting,,,
Theta Phi Alpha Eboard Meetings ,"Feb 11, 2026 3:00 PM - 5:00 PM",Library B16,Main Meeting,,,
Men's Volleyball,"Feb 11, 2026 3:00 PM - 5:00 PM",Schaefer Canavan Arena (Entire Arena),Main Meeting,,,
Softball ,"Feb 11, 2026 3:00 PM - 5:00 PM",Schaefer Athletic Training Center (ATC),Main Meeting,,,
CS Carnival and Open House ,"Feb 11, 2026 3:30 PM - 5:30 PM",Gateway North 103,Main Meeting,,,
Transfer Student Association Kick Off,"Feb 11, 2026 3:30 PM - 4:30 PM",Babbio 220,Main Meeting,,,
STEP-How to Interview 101 event,"Feb 11, 2026 3:30 PM - 4:30 PM",Howe 303 (Fielding),Main Meeting,,,
GC #1 - Color Wars,"Feb 11, 2026 3:45 PM - 6:15 PM",Edwin A. Stevens 222,Main Meeting,,,
PP Teen Links Tabling,"Feb 11, 2026 3:45 PM - 6:00 PM",UCC 1st Floor Lobby (Tabling Area) - Table 4,Main Meeting,,,
Torch Weekly Meeting,"Feb 11, 2026 4:00 PM - 6:00 PM",Morton 103,Main Meeting,,,
Pending: EWB Check-in Meeting,"Feb 11, 2026 4:00 PM - 5:00 PM",UCC 208 (Conference Room),Main Meeting,,,
University Advancement Event,"Feb 11, 2026 4:00 PM - 8:00 PM",UCC Pi Kitchen,Main Meeting,,,
Presidents Roundtables Spring,"Feb 11, 2026 4:00 PM - 6:00 PM",UCC 106 (The Gallery),Main Meeting,,,
JSA EBM,"Feb 11, 2026 4:00 PM - 6:00 PM",Gateway South 025,Main Meeting,,,
AI Forum,"Feb 11, 2026 4:00 PM - 6:00 PM",Babbio 104,Main Meeting,,,
CCB Student Advisory Board Meetings,"Feb 11, 2026 4:00 PM - 5:00 PM",McLean 414,Main Meeting,,,
FAME E-Board Meeting,"Feb 11, 2026 4:00 PM - 6:00 PM",Babbio 312,Main Meeting,,,
Women's Lacrosse,"Feb 11, 2026 4:00 PM - 6:00 PM",Schaefer DeBaun Field 1,Main Meeting,,,
Internal Team,"Feb 11, 2026 4:00 PM - 5:30 PM",Babbio 219,Main Meeting,,,
Women's Soccer Team Meeting ,"Feb 11, 2026 4:15 PM - 5:30 PM",Burchard 102,Main Meeting,,,
Field Hockey (NT),"Feb 11, 2026 4:30 PM - 5:30 PM",Walker 102 (Recruiting Lounge),Main Meeting,,,
Leadership Committee (Alternate Time),"Feb 11, 2026 4:45 PM - 6:15 PM",Babbio 304,Main Meeting,,,
SOF Weekly LT Meeting,"Feb 11, 2026 4:45 PM - 6:15 PM",ABS Engineering Center 301,Main Meeting,,,
RHA working hours,"Feb 11, 2026 5:00 PM - 6:00 PM",UCC 208 (Conference Room),Main Meeting,,,
Alpha Phi girl scouts event,"Feb 11, 2026 5:00 PM - 10:00 PM",McLean 209,Main Meeting,,,
Pre-law minor info session,"Feb 11, 2026 5:00 PM - 6:30 PM",Peirce 220,Main Meeting,,,
Men's Basketball v Delaware Valley 7pm,"Feb 11, 2026 5:00 PM - 9:30 PM",Schaefer Canavan Arena (Entire Arena),Main Meeting,,,
KV meeting,"Feb 11, 2026 5:00 PM - 6:30 PM",Babbio 221,Main Meeting,,,
Newman Catholic E-Board Meeting,"Feb 11, 2026 5:00 PM - 6:30 PM",North Building 104,Main Meeting,,,
SSB ISA Professional Development Meetings,"Feb 11, 2026 5:00 PM - 6:30 PM",Babbio 321,Main Meeting,,,
SWE EBM,"Feb 11, 2026 5:00 PM - 6:00 PM",UCC 207 (Conference Room),Main Meeting,,,
Teardown: Teaching with AI,"Feb 11, 2026 5:00 PM - 6:00 PM",Howe 409 (Bissinger),Teardown,,,
The Link GBMs,"Feb 11, 2026 5:00 PM - 6:00 PM",Babbio 310,Main Meeting,,,
Girl Scouts Event ,"Feb 11, 2026 5:00 PM - 8:30 PM",McLean 105,Main Meeting,,,
Indoor Track,"Feb 11, 2026 5:00 PM - 7:00 PM",Schaefer Athletic Training Center (ATC),Main Meeting,,,
GBM - Stevens Habitat for Humanity,"Feb 11, 2026 5:00 PM - 6:00 PM",Babbio 320,Main Meeting,,,
Mens Soccer Meeting,"Feb 11, 2026 5:15 PM - 6:00 PM",Kidde 228,Main Meeting,,,
Rules & Regulations Committee,"Feb 11, 2026 5:15 PM - 7:15 PM",Edwin A. Stevens 229A,Main Meeting,,,
Teardown: CS Carnival and Open House ,"Feb 11, 2026 5:30 PM - 6:00 PM",Gateway North 103,Teardown,,,
Teardown: HIV/AIDS Testing Drive,"Feb 11, 2026 5:30 PM - 6:30 PM",Babbio East Patio,Teardown,,,
Finance Committee,"Feb 11, 2026 5:45 PM - 7:15 PM",Peirce 218,Main Meeting,,,
Protiviti x Business Orgs,"Feb 11, 2026 6:00 PM - 9:00 PM",Kidde 228,Main Meeting,,,
Galentines with EmpowerHer,"Feb 11, 2026 6:00 PM - 9:00 PM",Peirce 216,Main Meeting,,,
Men's Soccer,"Feb 11, 2026 6:00 PM - 8:00 PM",Schaefer DeBaun Field 1,Main Meeting,,,
HOLD - AI Graduate Club 2026,"Feb 11, 2026 6:00 PM - 8:30 PM",UCC 106 (The Gallery),Main Meeting,,,
Pending: Basketball/Volleyball Event,"Feb 11, 2026 6:00 PM - 8:00 PM",Walker Gym,Main Meeting,,,
Setup: SWE Galentine's Day,"Feb 11, 2026 6:00 PM - 8:30 PM",Howe 409 (Bissinger),Setup,,,
LeetCode Nights,"Feb 11, 2026 6:00 PM - 9:00 PM",Gateway North 213,Main Meeting,,,
ALPFA General Meetings,"Feb 11, 2026 6:00 PM - 7:00 PM",North Building 105,Main Meeting,,,
"Mass, Adoration, and Confession","Feb 11, 2026 6:30 PM - 9:30 PM",North Building 104,Main Meeting,,,
NSBE EBM,"Feb 11, 2026 6:30 PM - 7:30 PM",UCC 207 (Conference Room),Main Meeting,,,
"Mass, Adoration, and Confession","Feb 11, 2026 6:30 PM - 9:30 PM",North Building 103,Main Meeting,,,
Chapter Meeting,"Feb 11, 2026 6:30 PM - 9:30 PM",Babbio 202,Main Meeting,,,
NSBE Black in Academics Panel,"Feb 11, 2026 7:00 PM - 9:00 PM",Gateway South 121,Main Meeting,,,
CPV GBM ,"Feb 11, 2026 7:00 PM - 8:00 PM",Burchard 111,Main Meeting,,,
SOF Weekly GBM,"Feb 11, 2026 7:00 PM - 8:30 PM",Babbio 210,Main Meeting,,,
Clark Scholars PAL-entines,"Feb 11, 2026 7:30 PM - 9:00 PM",Burchard 514,Main Meeting,,,
Baseball Set Up (NT),"Feb 11, 2026 8:00 PM - 8:30 PM",Schaefer Athletic Training Center (ATC),Main Meeting,,,
Pending: The Link: Art Cover Session,"Feb 11, 2026 8:00 PM - 9:00 PM",Babbio 221,Main Meeting,,,
SDS Music Rehearsals ,"Feb 11, 2026 8:00 PM - 11:00 PM",Edwin A. Stevens 229A,Main Meeting,,,
SDS Grease Rehearsals,"Feb 11, 2026 8:00 PM - 11:00 PM",Burchard 430,Main Meeting,,,
Recruitment,"Feb 11, 2026 8:00 PM - 10:00 PM",Burchard 111,Main Meeting,,,
Teardown: Financial Aid Lender Fair Event (Canceled),"Feb 11, 2026 8:00 PM - 9:00 PM",Babbio 100 (Atrium),Teardown,,,
Teardown: University Advancement Event,"Feb 11, 2026 8:00 PM - 9:00 PM",UCC Tech Flex Space A (Back),Teardown,,,
Teardown: University Advancement Event,"Feb 11, 2026 8:00 PM - 9:00 PM",UCC Tech Flex Space B (Middle),Teardown,,,
Teardown: University Advancement Event,"Feb 11, 2026 8:00 PM - 9:00 PM",UCC Tech Flex Space C (Front),Teardown,,,
Teardown: University Advancement Event,"Feb 11, 2026 8:00 PM - 9:00 PM",UCC Pre-function Space,Teardown,,,
Teardown: University Advancement Event,"Feb 11, 2026 8:00 PM - 9:00 PM",UCC Pi Kitchen,Teardown,,,
Baseball,"Feb 11, 2026 8:30 PM - 10:30 PM",Walker Gym,Main Meeting,,,
SWE Galentine's Day,"Feb 11, 2026 8:30 PM - 10:30 PM",Howe 409 (Bissinger),Main Meeting,,,
SWE GBM,"Feb 11, 2026 8:30 PM - 10:30 PM",UCC 106 (The Gallery),Main Meeting,,,
Baseball,"Feb 11, 2026 8:30 PM - 10:30 PM",Schaefer Athletic Training Center (ATC),Main Meeting,,,
Club Sports,"Feb 11, 2026 8:30 PM - 10:30 PM",Schaefer DeBaun Field 1,Main Meeting,,,
SASA GBM #1,"Feb 11, 2026 9:00 PM - 11:00 PM",Babbio 320,Main Meeting,,,
Pending: OoO GBM #1: Welcome,"Feb 11, 2026 9:00 PM - 10:30 PM",Peirce 120,Main Meeting,,,
SDS Grease Rehearsals,"Feb 11, 2026 9:00 PM - 11:00 PM",Gateway South 021,Main Meeting,,,
Software Engineering,"Feb 11, 2026 9:00 PM - 10:30 PM",Gateway North 103,Main Meeting,,,
AIAA Weekly GBM,"Feb 11, 2026 9:00 PM - 11:30 PM",Babbio 221,Main Meeting,,,
Entertainment Committee General Body Meetings,"Feb 11, 2026 9:00 PM - 10:30 PM",Peirce 116,Main Meeting,,,
Chapter Meeting,"Feb 11, 2026 9:00 PM - 11:30 PM",Babbio 319,Main Meeting,,,
Chapter Meeting 2/11,"Feb 11, 2026 9:00 PM - 11:00 PM",Babbio 210,Main Meeting,,,
General Body Meeting ,"Feb 11, 2026 9:00 PM - 11:00 PM",McLean 104,Main Meeting,,,
Jazba Practice (Mock Shaadi),"Feb 11, 2026 9:00 PM - 11:00 PM",Burchard 103,Main Meeting,,,
General Meeting ,"Feb 11, 2026 9:00 PM - 11:00 PM",McLean 105,Main Meeting,,,
SDS Grease Rehearsals,"Feb 11, 2026 9:00 PM - 11:00 PM",Babbio 310,Main Meeting,,,
RedShift GBM,"Feb 11, 2026 9:00 PM - 10:45 PM",Peirce 218,Main Meeting,,,
Big Little Meetings,"Feb 11, 2026 9:00 PM - 10:15 PM",Gateway South 121,Main Meeting,,,
Cupido Caliente,"Feb 11, 2026 9:00 PM - 11:30 PM",Kidde 228,Main Meeting,,,
ACS Paint Night,"Feb 11, 2026 9:00 PM - 10:30 PM",Babbio 220,Main Meeting,,,
General Body Meeting,"Feb 11, 2026 9:00 PM - 11:00 PM",Gateway North 204,Main Meeting,,,
Stevens Christian Fellowship Meeting ,"Feb 11, 2026 9:00 PM - 11:00 PM",Babbio 104,Main Meeting,,,
Stevens Women's Club Soccer Media Day,"Feb 11, 2026 9:00 PM - 10:30 PM",Burchard 104,Main Meeting,,,
IFC Delegation Meeting,"Feb 11, 2026 9:00 PM - 10:00 PM",Babbio 304,Main Meeting,,,
WCPR GBM,"Feb 11, 2026 9:00 PM - 10:30 PM",Martha Bayard Stevens Hall 203,Main Meeting,,,
Stevens Computer Science Club General Body Meeting,"Feb 11, 2026 9:01 PM - 11:00 PM",Gateway South 122,Main Meeting,,,
Honor Board GBM,"Feb 11, 2026 9:15 PM - 11:59 PM",Babbio 203,Main Meeting,,,
CPC GBM,"Feb 11, 2026 9:15 PM - 11:59 PM",Babbio 122,Main Meeting,,,
CPC GBM,"Feb 11, 2026 9:15 PM - 11:59 PM",Gateway South 216,Main Meeting,,,
New Member Check In,"Feb 11, 2026 9:15 PM - 10:30 PM",Burchard 514,Main Meeting,,,
Softball (NT),"Feb 12, 2026 7:00 AM - 9:00 AM",Schaefer Athletic Training Center (ATC),Main Meeting,,,
Men's Tennis,"Feb 12, 2026 7:00 AM - 9:00 AM",Athletics Facilities (North Tennis Court 1),Main Meeting,,,
Blood Drive ,"Feb 12, 2026 7:00 AM - 6:00 PM",UCC Tech Flex Space C (Front),Main Meeting,,,
Blood Drive ,"Feb 12, 2026 7:00 AM - 6:00 PM",UCC Tech Flex Space B (Middle),Main Meeting,,,
Blood Drive ,"Feb 12, 2026 7:00 AM - 6:00 PM",UCC Tech Flex Space A (Back),Main Meeting,,,
Blood Drive ,"Feb 12, 2026 7:00 AM - 6:00 PM",UCC Pre-function Space,Main Meeting,,,
Setup: Financial Aid Literacy Event (Canceled),"Feb 12, 2026 7:00 AM - 9:00 AM",UCC 106 (The Gallery),Setup,,,
Wrestling,"Feb 12, 2026 7:00 AM - 9:00 AM",Schaefer Wrestling Room,Main Meeting,,,
Indoor Track,"Feb 12, 2026 7:30 AM - 9:00 AM",Schaefer DeBaun Field 3,Main Meeting,,,
Women's Soccer,"Feb 12, 2026 7:30 AM - 9:30 AM",Schaefer DeBaun Field 1,Main Meeting,,,
N/A,"Feb 12, 2026 8:00 AM - 4:00 PM",UCC Pi Kitchen,Main Meeting,,,
Stevens Electric Boatworks Meeting,"Feb 12, 2026 8:00 AM - 8:00 PM",Babbio 212,Main Meeting,,,
Office of Financial Aid,"Feb 12, 2026 9:00 AM - 5:00 PM",Howe 1017 (Conference Room),Main Meeting,,,
SA Financial Analyst ,"Feb 12, 2026 9:00 AM - 5:00 PM",UCC 205 (Conference Room),Main Meeting,,,
Financial Aid Literacy Event (Canceled),"Feb 12, 2026 9:00 AM - 8:00 PM",UCC 106 (The Gallery),Main Meeting,,,
Setup: Twelfth Night Performance,"Feb 12, 2026 9:00 AM - 9:00 PM",DeBaun Auditorium,Setup,,,
SYZ: Fundraiser,"Feb 12, 2026 9:30 AM - 2:30 PM",UCC 1st Floor Lobby (Tabling Area) - Table 1,Main Meeting,,,
End of Season Meetings,"Feb 12, 2026 10:00 AM - 11:00 AM",UCC 207 (Conference Room),Main Meeting,,,
FSL Office Hours,"Feb 12, 2026 10:00 AM - 3:00 PM",UCC 208 (Conference Room),Main Meeting,,,
Men's Basketball,"Feb 12, 2026 10:30 AM - 12:30 PM",Schaefer Canavan Arena (Entire Arena),Main Meeting,,,
Delta Phi Epsilon Tablesitting,"Feb 12, 2026 11:00 AM - 3:00 PM",UCC 1st Floor Lobby (Tabling Area) - Table 4,Main Meeting,,,
Setup: SFS Network Event: Sweet Treats [Staff Only],"Feb 12, 2026 11:30 AM - 12:00 PM",UCC 220 (Student Commons),Setup,,,
SFS Network Event: Sweet Treats [Staff Only],"Feb 12, 2026 12:00 PM - 1:00 PM",UCC 220 (Student Commons),Main Meeting,,,
BP Screening for American Heart Month,"Feb 12, 2026 12:00 PM - 2:00 PM",UCC 1st Floor Lobby (Tabling Area) - Table 3,Main Meeting,,,
Indoor Track,"Feb 12, 2026 12:00 PM - 3:00 PM",Athletics Facilities (Jersey City Armory),Main Meeting,,,
iBelong Tabling,"Feb 12, 2026 12:00 PM - 3:00 PM",UCC 1st Floor Lobby (Tabling Area) - Table 2,Main Meeting,,,
Men's & Women's Fencing,"Feb 12, 2026 12:00 PM - 2:00 PM",Walker Gym,Main Meeting,,,
PL Info Session,"Feb 12, 2026 12:00 PM - 1:00 PM",Babbio 202,Main Meeting,,,
Softball,"Feb 12, 2026 1:00 PM - 3:00 PM",Schaefer Athletic Training Center (ATC),Main Meeting,,,
weekly recitation-Christos K.,"Feb 12, 2026 1:00 PM - 2:00 PM",Burchard 514,Main Meeting,,,
Teardown: SFS Network Event: Sweet Treats [Staff Only],"Feb 12, 2026 1:00 PM - 1:30 PM",UCC 220 (Student Commons),Teardown,,,
Graduate Student Career Workshop,"Feb 12, 2026 1:30 PM - 2:30 PM",Howe 102,Main Meeting,,,
Digital Service,"Feb 12, 2026 1:45 PM - 3:45 PM",Peirce 218,Main Meeting,,,
CS 3MT PhD Event ,"Feb 12, 2026 2:00 PM - 3:30 PM",Gateway South 122,Main Meeting,,,
Senior D Group Meeting,"Feb 12, 2026 2:00 PM - 3:30 PM",Babbio 221,Main Meeting,,,
Writers' Group ,"Feb 12, 2026 2:30 PM - 4:30 PM",Burchard 430,Main Meeting,,,
Strength & Conditioning,"Feb 12, 2026 3:00 PM - 4:00 PM",Schaefer Athletic Training Center (ATC),Main Meeting,,,
NM Study Buddies #1,"Feb 12, 2026 3:45 PM - 5:15 PM",Peirce 218,Main Meeting,,,
ME 225 - Weekly Tests - Extended Time,"Feb 12, 2026 4:00 PM - 5:30 PM",Babbio 312,Main Meeting,,,
Setup: Inclusion Reps Program,"Feb 12, 2026 4:00 PM - 5:00 PM",Howe 409 (Bissinger),Setup,,,
FLI Group Advising ,"Feb 12, 2026 4:00 PM - 5:00 PM",Martha Bayard Stevens Hall 105,Main Meeting,,,
The Hudson School Basketball Practices,"Feb 12, 2026 4:00 PM - 5:30 PM",Walker Gym,Main Meeting,,,
"FE Seminar: FE Seminar: Model Risk Management and Governance in AI by Jonathan Schachter, Delta Vega","Feb 12, 2026 4:30 PM - 6:30 PM",Burchard 104,Main Meeting,,,
Mens Lacrosse Meeting,"Feb 12, 2026 4:30 PM - 6:30 PM",Burchard 715,Main Meeting,,,
Women's Lacrosse,"Feb 12, 2026 4:30 PM - 6:30 PM",Schaefer DeBaun Field 1,Main Meeting,,,
Women's Basketball,"Feb 12, 2026 4:30 PM - 6:30 PM",Schaefer Canavan Arena (Entire Arena),Main Meeting,,,
Pending: Leadership Board Games,"Feb 12, 2026 5:00 PM - 6:00 PM",McLean 105,Main Meeting,,,
EWB Minor Board Meeting ,"Feb 12, 2026 5:00 PM - 6:00 PM",UCC 207 (Conference Room),Main Meeting,,,
Indoor Track,"Feb 12, 2026 5:00 PM - 7:00 PM",Schaefer Athletic Training Center (ATC),Main Meeting,,,
SHPE Jr E-board Meetings ,"Feb 12, 2026 5:00 PM - 6:00 PM",Babbio 304,Main Meeting,,,
INCOSE GBM - February ,"Feb 12, 2026 5:00 PM - 6:30 PM",Babbio 210,Main Meeting,,,
"FE Seminar: Model Risk Management and Governance in AI by Jonathan Schachter, Delta Vega","Feb 12, 2026 5:00 PM - 6:00 PM",Babbio 104,Main Meeting,,,
SRC Workslot,"Feb 12, 2026 5:00 PM - 8:00 PM",Griffith Building 134,Main Meeting,,,
Inclusion Reps Program,"Feb 12, 2026 5:00 PM - 6:30 PM",Howe 409 (Bissinger),Main Meeting,,,
FLI GBM #1,"Feb 12, 2026 5:00 PM - 7:30 PM",Gateway South 121,Main Meeting,,,
SA,"Feb 12, 2026 5:30 PM - 9:00 PM",UCC 205 (Conference Room),Main Meeting,,,
Rules & Regulations Committee,"Feb 12, 2026 5:45 PM - 7:00 PM",Peirce 216,Main Meeting,,,
Badminton undergrad club,"Feb 12, 2026 6:00 PM - 8:00 PM",Walker Gym,Main Meeting,,,
APO Eboard Meetings,"Feb 12, 2026 6:00 PM - 11:00 PM",Babbio 202,Main Meeting,,,
ESC Eboard Meeting,"Feb 12, 2026 6:00 PM - 7:00 PM",UCC 207 (Conference Room),Main Meeting,,,
Stevens MSA x Ummah Professionals Panel & Networking Event,"Feb 12, 2026 6:00 PM - 9:00 PM",Gateway North 103,Main Meeting,,,
SKY Meeting,"Feb 12, 2026 6:00 PM - 7:30 PM",Martha Bayard Stevens Hall 203,Main Meeting,,,
RHA Meetings,"Feb 12, 2026 6:00 PM - 7:00 PM",Peirce 220,Main Meeting,,,
Bystander Intervention Training,"Feb 12, 2026 6:00 PM - 7:30 PM",Babbio 122,Main Meeting,,,
SJP E-Board Meeting,"Feb 12, 2026 6:00 PM - 8:00 PM",Peirce 218,Main Meeting,,,
NSBE EBM,"Feb 12, 2026 6:15 PM - 7:15 PM",Gateway North 213,Main Meeting,,,
Men's Lacrosse,"Feb 12, 2026 6:30 PM - 8:30 PM",Schaefer DeBaun Field 1,Main Meeting,,,
Teardown: Inclusion Reps Program,"Feb 12, 2026 6:30 PM - 7:30 PM",Howe 409 (Bissinger),Teardown,,,
CSA EBM (Canceled),"Feb 12, 2026 6:30 PM - 7:30 PM",UCC 207 (Conference Room),Main Meeting,,,
Indoor Track,"Feb 12, 2026 6:30 PM - 10:00 PM",Athletics Facilities (Jersey City Armory),Main Meeting,,,
Men's Volleyball,"Feb 12, 2026 6:30 PM - 8:30 PM",Schaefer Canavan Arena (Entire Arena),Main Meeting,,,
Pending: Creative Writing Workshop,"Feb 12, 2026 6:45 PM - 9:15 PM",Babbio 220,Main Meeting,,,
Setup: JSA Setsubun,"Feb 12, 2026 7:00 PM - 9:00 PM",UCC Tech Flex Space A (Back),Setup,,,
Setup: JSA Setsubun,"Feb 12, 2026 7:00 PM - 9:00 PM",UCC Tech Flex Space C (Front),Setup,,,
SPS GBM 1,"Feb 12, 2026 7:00 PM - 11:00 PM",Gateway South 021,Main Meeting,,,
Setup: JSA Setsubun,"Feb 12, 2026 7:00 PM - 9:00 PM",UCC Tech Flex Space B (Middle),Setup,,,
General Body Meeting ,"Feb 12, 2026 7:00 PM - 11:00 PM",Burchard 111,Main Meeting,,,
Still We Rise: Galentine's Day (Canceled),"Feb 12, 2026 7:00 PM - 8:00 PM",Babbio 221,Main Meeting,,,
SAC Meeting,"Feb 12, 2026 7:30 PM - 8:00 PM",UCC 207 (Conference Room),Main Meeting,,,
Choir Rehearsal,"Feb 12, 2026 7:30 PM - 8:30 PM",Howe 404 (Skyline 1),Main Meeting,,,
Stevens Computer Science Club E-Board Meeting,"Feb 12, 2026 7:31 PM - 10:30 PM",Gateway South 025,Main Meeting,,,
SDS Music Rehearsals ,"Feb 12, 2026 8:00 PM - 11:00 PM",Edwin A. Stevens 229,Main Meeting,,,
Baseball Set Up (NT),"Feb 12, 2026 8:00 PM - 8:30 PM",Schaefer Athletic Training Center (ATC),Main Meeting,,,
Informational ,"Feb 12, 2026 8:00 PM - 11:00 PM",Peirce 218,Main Meeting,,,
EWB Meeting,"Feb 12, 2026 8:00 PM - 9:00 PM",Babbio 310,Main Meeting,,,
Recruitment,"Feb 12, 2026 8:00 PM - 10:00 PM",North Building 105,Main Meeting,,,
SDS Grease Rehearsals,"Feb 12, 2026 8:00 PM - 11:00 PM",Edwin A. Stevens 229A,Main Meeting,,,
Setup: Card It!,"Feb 12, 2026 8:00 PM - 9:00 PM",Kidde 228,Setup,,,
Casino Prep,"Feb 12, 2026 8:00 PM - 9:00 PM",Morton 105,Main Meeting,,,
Teardown: Financial Aid Literacy Event (Canceled),"Feb 12, 2026 8:00 PM - 9:00 PM",UCC 106 (The Gallery),Teardown,,,
Baseball,"Feb 12, 2026 8:30 PM - 10:30 PM",Schaefer Athletic Training Center (ATC),Main Meeting,,,
Baseball,"Feb 12, 2026 8:30 PM - 10:30 PM",Schaefer DeBaun Field 1,Main Meeting,,,
Baseball,"Feb 12, 2026 8:30 PM - 10:30 PM",Walker Gym,Main Meeting,,,
Men's Basketball,"Feb 12, 2026 8:30 PM - 10:30 PM",Schaefer Canavan Arena (Entire Arena),Main Meeting,,,
C2GS Weekly LAN,"Feb 12, 2026 9:00 PM - 11:59 PM",Morton 101,Main Meeting,,,
JSA Setsubun,"Feb 12, 2026 9:00 PM - 11:30 PM",UCC Tech Flex Space A (Back),Main Meeting,,,
Professional Development Event: InternSHPE Tips,"Feb 12, 2026 9:00 PM - 11:00 PM",Babbio 104,Main Meeting,,,
Twelfth Night Performance,"Feb 12, 2026 9:00 PM - 11:00 PM",DeBaun Auditorium,Main Meeting,,,
Off Center Improv Practice GBM,"Feb 12, 2026 9:00 PM - 11:00 PM",Peirce 116,Main Meeting,,,
Engineers Without Borders GBMs ,"Feb 12, 2026 9:00 PM - 11:00 PM",Gateway South 216,Main Meeting,,,
Project Development Meetings,"Feb 12, 2026 9:00 PM - 11:00 PM",Babbio 310,Main Meeting,,,
JSA Setsubun,"Feb 12, 2026 9:00 PM - 11:30 PM",UCC Tech Flex Space B (Middle),Main Meeting,,,
Recruitment Info Session,"Feb 12, 2026 9:00 PM - 11:00 PM",Gateway South 122,Main Meeting,,,
General Meeting ,"Feb 12, 2026 9:00 PM - 11:00 PM",McLean 105,Main Meeting,,,
NSBE Movie Night,"Feb 12, 2026 9:00 PM - 11:00 PM",Gateway North 103,Main Meeting,,,
Mock Shaadi Dance Practices,"Feb 12, 2026 9:00 PM - 11:00 PM",Howe 409 (Bissinger),Main Meeting,,,
RGB Photography GBM/Workshop,"Feb 12, 2026 9:00 PM - 10:00 PM",Gateway South 121,Main Meeting,,,
Jazba Practice (Mock Shaadi),"Feb 12, 2026 9:00 PM - 10:00 PM",UCC 106 (The Gallery),Main Meeting,,,
Card It!,"Feb 12, 2026 9:00 PM - 11:00 PM",Kidde 228,Main Meeting,,,
C2GS Weekly LAN,"Feb 12, 2026 9:00 PM - 11:59 PM",Babbio 219,Main Meeting,,,
General Body Meeting ,"Feb 12, 2026 9:00 PM - 11:00 PM",McLean 104,Main Meeting,,,
JSA Setsubun,"Feb 12, 2026 9:00 PM - 11:30 PM",UCC Tech Flex Space C (Front),Main Meeting,,,
SDS Grease Rehearsals,"Feb 12, 2026 9:00 PM - 11:00 PM",McLean 211,Main Meeting,,,
C2GS Weekly LAN,"Feb 12, 2026 9:00 PM - 11:59 PM",Babbio 304,Main Meeting,,,
SDS Grease Rehearsals,"Feb 12, 2026 9:00 PM - 11:00 PM",Gateway North 204,Main Meeting,,,
C2GS Weekly LAN,"Feb 12, 2026 9:00 PM - 11:59 PM",Babbio 122,Main Meeting,,,
JSA Setsubun,"Feb 12, 2026 9:00 PM - 11:30 PM",UCC Pre-function Space,Main Meeting,,,
Dance Class,"Feb 12, 2026 9:00 PM - 10:00 PM",Howe 404 (Skyline 1),Main Meeting,,,
Stevens Poetry Club GBM,"Feb 12, 2026 9:00 PM - 11:00 PM",Howe 104,Main Meeting,,,
Engineers Without Borders | General Body Meeting,"Feb 12, 2026 9:15 PM - 11:00 PM",Babbio 203,Main Meeting,,,
Mock Trial Team Meeting ,"Feb 12, 2026 9:15 PM - 11:15 PM",Babbio 321,Main Meeting,,,
SDT New Member Sisterhood Event Candy Salad/ PJs,"Feb 12, 2026 9:15 PM - 11:00 PM",Burchard 103,Main Meeting,,,
SUMAC GBMs,"Feb 12, 2026 9:15 PM - 10:30 PM",Burchard 102,Main Meeting,,,
[ASCE] Civi Pitch,"Feb 12, 2026 9:15 PM - 10:30 PM",Babbio 319,Main Meeting,,,
Click 2 Create [Valentine's Edition],"Feb 12, 2026 9:15 PM - 11:00 PM",Babbio 220,Main Meeting,,,
Mock Trial Team Meeting ,"Feb 12, 2026 9:15 PM - 11:15 PM",Babbio 320,Main Meeting,,,
Teardown: Card It!,"Feb 12, 2026 11:00 PM - Feb 13, 2026 12:00 AM",Kidde 228,Teardown,,,
Teardown: JSA Setsubun,"Feb 12, 2026 11:30 PM - 11:45 PM",UCC Tech Flex Space B (Middle),Teardown,,,
Teardown: JSA Setsubun,"Feb 12, 2026 11:30 PM - 11:45 PM",UCC Tech Flex Space C (Front),Teardown,,,
Teardown: JSA Setsubun,"Feb 12, 2026 11:30 PM - 11:45 PM",UCC Tech Flex Space A (Back),Teardown,,,
Stevens Christian Fellowship Coffee Handouts (Canceled),"Feb 13, 2026 8:00 AM - 11:00 AM",-,Main Meeting,,,
Indoor Track,"Feb 13, 2026 8:00 AM - 9:00 AM",Schaefer Athletic Training Center (ATC),Main Meeting,,,
Men's Tennis,"Feb 13, 2026 8:00 AM - 10:00 AM",Athletics Facilities (North Tennis Court 1),Main Meeting,,,
Stevens Christian Fellowship Coffee Handouts,"Feb 13, 2026 8:00 AM - 11:00 AM",Babbio East Patio,Main Meeting,,,
N/A,"Feb 13, 2026 8:00 AM - 4:00 PM",UCC Pi Kitchen,Main Meeting,,,
Setup: Twelfth Night Performance,"Feb 13, 2026 9:00 AM - 8:00 PM",DeBaun Auditorium,Setup,,,
The Hudson School Physical Education Classes,"Feb 13, 2026 9:30 AM - 10:30 AM",Walker Gym,Main Meeting,,,
Marissa Carroll - Financials,"Feb 13, 2026 10:00 AM - 12:00 PM",UCC 208 (Conference Room),Main Meeting,,,
Lecture series- Konstantin Beyer,"Feb 13, 2026 10:00 AM - 12:00 PM",Burchard 715,Main Meeting,,,
Pending: Phi Sigma Sigma Carnation Sale,"Feb 13, 2026 10:00 AM - 6:00 PM",Babbio 100 (Atrium),Main Meeting,,,
Women's Lacrosse (NT),"Feb 13, 2026 10:00 AM - 12:00 PM",Schaefer DeBaun Field 2,Main Meeting,,,
Setup: Valentine Pals Event,"Feb 13, 2026 11:00 AM - 1:00 PM",UCC Tech Flex Space A (Back),Setup,,,
AEC Valentine's Open Mic,"Feb 13, 2026 11:00 AM - 11:00 PM",Howe 409 (Bissinger),Main Meeting,,,
Wellness Peer Educators Meeting,"Feb 13, 2026 11:00 AM - 12:00 PM",Martha Bayard Stevens Hall 107,Main Meeting,,,
Condomgrams Fundraiser,"Feb 13, 2026 11:15 AM - 1:45 PM",UCC 1st Floor Lobby (Tabling Area) - Table 1,Main Meeting,,,
Archon Office Hours,"Feb 13, 2026 12:00 PM - 1:00 PM",Martha Bayard Stevens Hall 105,Main Meeting,,,
Men's Lacrosse,"Feb 13, 2026 12:00 PM - 2:00 PM",Schaefer DeBaun Field 1,Main Meeting,,,
Men's & Women's Fencing,"Feb 13, 2026 12:00 PM - 2:00 PM",Walker Gym,Main Meeting,,,
iBelong Tabling,"Feb 13, 2026 12:00 PM - 3:00 PM",UCC 1st Floor Lobby (Tabling Area) - Table 2,Main Meeting,,,
ASC Workshops,"Feb 13, 2026 12:00 PM - 1:00 PM",Howe 104,Main Meeting,,,
Indoor Track,"Feb 13, 2026 12:00 PM - 2:00 PM",Schaefer Athletic Training Center (ATC),Main Meeting,,,
Men's Basketball (NT),"Feb 13, 2026 12:00 PM - 1:00 PM",Schaefer Canavan Arena (Entire Arena),Main Meeting,,,
MSA Jummah,"Feb 13, 2026 12:30 PM - 2:00 PM",UCC 106 (The Gallery),Main Meeting,,,
Rho Alpha Sigma Application Review,"Feb 13, 2026 1:00 PM - 3:00 PM",UCC 207 (Conference Room),Main Meeting,,,
PL Info Session,"Feb 13, 2026 1:00 PM - 2:00 PM",Babbio 202,Main Meeting,,,
Valentine Pals Event,"Feb 13, 2026 1:00 PM - 3:00 PM",UCC Tech Flex Space A (Back),Main Meeting,,,
Women's Lacrosse (NT),"Feb 13, 2026 1:00 PM - 1:30 PM",Walker 102 (Recruiting Lounge),Main Meeting,,,
CS 3MT PhD Event ,"Feb 13, 2026 1:00 PM - 2:00 PM",Gateway South 216,Main Meeting,,,
Men's Basketball,"Feb 13, 2026 1:00 PM - 3:00 PM",Schaefer Canavan Arena (Entire Arena),Main Meeting,,,
Teardown: MSA Jummah,"Feb 13, 2026 2:00 PM - 3:00 PM",UCC 106 (The Gallery),Teardown,,,
DNI Committee,"Feb 13, 2026 2:00 PM - 3:15 PM",Peirce 120,Main Meeting,,,
Baseball,"Feb 13, 2026 2:00 PM - 4:00 PM",Schaefer DeBaun Field 1,Main Meeting,,,
Physics department weekly seminars.,"Feb 13, 2026 2:00 PM - 3:30 PM",McLean 104,Main Meeting,,,
Valentines Bake Sale - Clark Scholars LLC,"Feb 13, 2026 2:00 PM - 5:00 PM",UCC The Commons Area,Main Meeting,,,
Baseball Set Up (NT),"Feb 13, 2026 2:30 PM - 3:00 PM",Schaefer Athletic Training Center (ATC),Main Meeting,,,
Men's Basketball (NT),"Feb 13, 2026 2:30 PM - 3:30 PM",Schaefer 309 (Conference Room),Main Meeting,,,
R/W committee,"Feb 13, 2026 3:00 PM - 4:30 PM",UCC 208 (Conference Room),Main Meeting,,,
Baseball,"Feb 13, 2026 3:00 PM - 5:00 PM",Schaefer Athletic Training Center (ATC),Main Meeting,,,
Chinese New Year Gala,"Feb 13, 2026 3:00 PM - 10:00 PM",UCC Tech Flex Space B (Middle),Main Meeting,yes,"8-60in round tables with 9 chairs each
6-5ft tables 
2 chairs

Portable sound system",SO1000016
Setup: Sushi Shabbat Dinner,"Feb 13, 2026 3:00 PM - 5:00 PM",UCC 106 (The Gallery),Setup,,,
Teardown: Valentine Pals Event,"Feb 13, 2026 3:00 PM - 4:00 PM",UCC Tech Flex Space A (Back),Teardown,,,
Women's Basketball,"Feb 13, 2026 3:00 PM - 5:00 PM",Schaefer Canavan Arena (Entire Arena),Main Meeting,,,
Chinese New Year Gala,"Feb 13, 2026 3:00 PM - 10:00 PM",UCC Tech Flex Space C (Front),Main Meeting,,,
Baseball,"Feb 13, 2026 3:00 PM - 5:00 PM",Walker Gym,Main Meeting,,,
Wrestling,"Feb 13, 2026 3:00 PM - 5:00 PM",Schaefer Wrestling Room,Main Meeting,,,
ALPFA Eboard Meetings,"Feb 13, 2026 3:00 PM - 4:00 PM",Babbio 304,Main Meeting,,,
CS 115 Office Hours ,"Feb 13, 2026 3:00 PM - 4:00 PM",Burchard 103,Main Meeting,,,
Stevens Christian Fellowship Small Groups,"Feb 13, 2026 4:00 PM - 5:30 PM",Howe 104,Main Meeting,,,
SRC Eboard Meeting,"Feb 13, 2026 4:00 PM - 6:00 PM",UCC 207 (Conference Room),Main Meeting,,,
Women's Lacrosse,"Feb 13, 2026 4:00 PM - 6:00 PM",Schaefer DeBaun Field 1,Main Meeting,,,
Men's Volleyball,"Feb 13, 2026 5:00 PM - 7:00 PM",Schaefer Canavan Arena (Entire Arena),Main Meeting,,,
Still We Rise: Galentines Day,"Feb 13, 2026 5:00 PM - 6:30 PM",Babbio 310,Main Meeting,,,
CGC Meeting,"Feb 13, 2026 5:00 PM - 7:00 PM",Babbio 220,Main Meeting,,,
Sushi Shabbat Dinner,"Feb 13, 2026 5:00 PM - 9:00 PM",UCC 106 (The Gallery),Main Meeting,,,
SMIF Friday sessions,"Feb 13, 2026 5:00 PM - 6:15 PM",Babbio 304,Main Meeting,,,
Setup: SITTV Movie Night,"Feb 13, 2026 5:30 PM - 6:00 PM",Kidde 228,Setup,,,
Men's Soccer (NT),"Feb 13, 2026 5:30 PM - 6:00 PM",Schaefer Athletic Training Center (ATC),Main Meeting,,,
SDS Eboard Meetings,"Feb 13, 2026 5:30 PM - 7:30 PM",Babbio 202,Main Meeting,,,
FLI Valentines ,"Feb 13, 2026 5:30 PM - 8:00 PM",Babbio 104,Main Meeting,,,
HOLD - AI Club Welcome Event,"Feb 13, 2026 6:00 PM - 9:00 PM",Gateway South 216,Main Meeting,,,
Pending: Stevens Undergraduate Research Consortium GBM #1,"Feb 13, 2026 6:00 PM - 7:00 PM",Babbio 221,Main Meeting,,,
Men's Soccer,"Feb 13, 2026 6:00 PM - 8:00 PM",Schaefer DeBaun Field 1,Main Meeting,,,
International Graduate Stevens Christian Fellowship,"Feb 13, 2026 6:00 PM - 10:00 PM",Gateway North 103,Main Meeting,,,
International Graduate Stevens Christian Fellowship,"Feb 13, 2026 6:00 PM - 10:00 PM",Gateway North 204,Main Meeting,,,
International Graduate Stevens Christian Fellowship,"Feb 13, 2026 6:00 PM - 10:00 PM",Gateway North 213,Main Meeting,,,
SITTV Movie Night,"Feb 13, 2026 6:00 PM - 8:30 PM",Kidde 228,Main Meeting,,,
SYZ Recruitment Committee,"Feb 13, 2026 6:30 PM - 8:30 PM",Babbio 212,Main Meeting,,,
Setup: JSA Setsubun,"Feb 13, 2026 7:00 PM - 9:00 PM",UCC Pre-function Space,Setup,,,
Club Sports,"Feb 13, 2026 7:00 PM - 9:00 PM",Schaefer Athletic Training Center (ATC),Main Meeting,,,
Twelfth Night Performance,"Feb 13, 2026 8:00 PM - 10:00 PM",DeBaun Auditorium,Main Meeting,,,
Club Sports,"Feb 13, 2026 8:30 PM - 10:30 PM",Schaefer DeBaun Field 1,Main Meeting,,,
General Body Meeting ,"Feb 13, 2026 9:00 PM - 11:00 PM",McLean 104,Main Meeting,,,
General Meeting ,"Feb 13, 2026 9:00 PM - 11:00 PM",McLean 105,Main Meeting,,,
Misc Trivia,"Feb 13, 2026 9:15 PM - 11:55 PM",Babbio 122,Main Meeting,,,
Pending: Stevens Hellenic Society Volleyball Tournament,"Feb 13, 2026 9:15 PM - 11:00 PM",Walker Gym,Main Meeting,,,
Anime Club,"Feb 13, 2026 9:15 PM - Feb 14, 2026 7:00 AM",Burchard 111,Main Meeting,,,
Teardown: Twelfth Night Performance,"Feb 13, 2026 10:00 PM - 11:00 PM",DeBaun Auditorium,Teardown,,,
Teardown: JSA Setsubun,"Feb 13, 2026 11:30 PM - Feb 14, 2026 12:30 AM",UCC Pre-function Space,Teardown,,,
